utc,range,k,tmp275_lagged_c
2026-10-05T16:13:11Z,1E-5,9.979241243629369e-6,24.3452
2026-10-05T16:29:15Z,1E-5,9.982124770233367e-6,24.3519
2026-10-05T16:45:18Z,1E-5,9.981071670021929e-6,24.3614
2026-10-05T17:01:22Z,1E-5,9.980866611217372e-6,24.3734
2026-10-05T17:17:26Z,1E-5,9.981168187678426e-6,24.389
2026-10-05T17:33:30Z,1E-5,9.980892112084806e-6,24.4099
2026-10-05T17:49:34Z,1E-5,9.981287755058207e-6,24.439
2026-10-05T18:05:38Z,1E-5,9.981549367138572e-6,24.4709
2026-10-05T18:21:42Z,1E-5,9.981139761232118e-6,24.5007
2026-10-05T18:37:46Z,1E-5,9.981203472828687e-6,24.5274
2026-10-05T18:53:50Z,1E-5,9.98174407489122e-6,24.5572
2026-10-05T19:09:54Z,1E-5,9.981693536287576e-6,24.5946
2026-10-05T19:25:58Z,1E-5,9.98160069435387e-6,24.639
2026-10-05T19:42:02Z,1E-5,9.98176220112223e-6,24.69
2026-10-05T19:58:06Z,1E-5,9.98098675854726e-6,24.7433
2026-10-05T20:14:10Z,1E-5,9.981859939130783e-6,24.7977
2026-10-05T20:30:13Z,1E-5,9.981263332872365e-6,24.8572
2026-10-05T20:46:17Z,1E-5,9.980962936844495e-6,24.9175
2026-10-05T21:02:21Z,1E-5,9.981538535670649e-6,24.9783
2026-10-05T21:18:25Z,1E-5,9.981860722134614e-6,25.0391
2026-10-05T21:34:29Z,1E-5,9.981246165035502e-6,25.0999
2026-10-05T21:50:33Z,1E-5,9.980869017159915e-6,25.1608
2026-10-05T22:06:37Z,1E-5,9.981026165245756e-6,25.2208
2026-10-05T22:22:41Z,1E-5,9.980855846021375e-6,25.2798
2026-10-05T22:38:45Z,1E-5,9.98149057230865e-6,25.3439
2026-10-05T22:54:49Z,1E-5,9.981118777031528e-6,25.4172
2026-10-05T23:10:53Z,1E-5,9.981029441132356e-6,25.4936
2026-10-05T23:26:57Z,1E-5,9.981443523408185e-6,25.5689
2026-10-05T23:43:01Z,1E-5,9.981067307274895e-6,25.6403
2026-10-05T23:59:05Z,1E-5,9.980201559292393e-6,25.7136
2026-10-06T00:15:08Z,1E-5,9.982751847145269e-6,25.7837
2026-10-06T00:31:12Z,1E-5,9.981107820990722e-6,25.8462
2026-10-06T00:47:16Z,1E-5,9.981689573129902e-6,25.9
2026-10-06T01:03:20Z,1E-5,9.981393655361607e-6,25.9489
2026-10-06T01:19:24Z,1E-5,9.98135115211237e-6,25.9959
2026-10-06T01:35:28Z,1E-5,9.98163772438784e-6,26.0445
2026-10-06T01:51:32Z,1E-5,9.98157128215207e-6,26.0991
2026-10-06T02:07:36Z,1E-5,9.981118857283063e-6,26.1548
2026-10-06T02:23:40Z,1E-5,9.98076902130969e-6,26.2081
2026-10-06T02:39:44Z,1E-5,9.981039271913426e-6,26.253
2026-10-06T02:55:48Z,1E-5,9.981259408014842e-6,26.2846
2026-10-06T03:11:52Z,1E-5,9.981448086546837e-6,26.3083
2026-10-06T03:27:56Z,1E-5,9.981901578125832e-6,26.322
2026-10-06T03:44:00Z,1E-5,9.980881376352845e-6,26.3251
2026-10-06T04:00:03Z,1E-5,9.982222250061894e-6,26.3185
2026-10-06T04:16:07Z,1E-5,9.981156270714974e-6,26.3067
2026-10-06T04:32:11Z,1E-5,9.981251571821853e-6,26.2936
2026-10-06T04:48:15Z,1E-5,9.981600481417394e-6,26.2785
2026-10-06T05:04:19Z,1E-5,9.982023053862395e-6,26.2588
2026-10-06T05:20:23Z,1E-5,9.981106919817555e-6,26.2331
2026-10-06T05:36:27Z,1E-5,9.98189939880653e-6,26.2032
2026-10-06T05:52:31Z,1E-5,9.981740648070616e-6,26.1695
2026-10-06T06:08:35Z,1E-5,9.980602332124118e-6,26.1349
2026-10-06T06:24:39Z,1E-5,9.98124980949816e-6,26.103
2026-10-06T06:40:43Z,1E-5,9.98197379856118e-6,26.0746
2026-10-06T06:56:47Z,1E-5,9.981063240602028e-6,26.0465
2026-10-06T07:12:51Z,1E-5,9.981445482270308e-6,26.0181
2026-10-06T07:28:55Z,1E-5,9.981693323514077e-6,25.9886
2026-10-06T07:44:58Z,1E-5,9.981658136239652e-6,25.9573
2026-10-06T08:01:02Z,1E-5,9.980879156839152e-6,25.924
2026-10-06T08:17:06Z,1E-5,9.980664284697324e-6,25.8885
2026-10-06T08:33:10Z,1E-5,9.981444111836641e-6,25.8501
2026-10-06T08:49:14Z,1E-5,9.98168838395437e-6,25.8091
2026-10-06T09:05:18Z,1E-5,9.98069890878425e-6,25.766
2026-10-06T09:21:22Z,1E-5,9.981046989715492e-6,25.7216
2026-10-06T09:37:26Z,1E-5,9.981528571885537e-6,25.6753
2026-10-06T09:53:30Z,1E-5,9.981593723959924e-6,25.627
2026-10-06T10:09:34Z,1E-5,9.980960205589877e-6,25.5768
2026-10-06T10:25:38Z,1E-5,9.981559656629867e-6,25.5243
2026-10-06T10:41:42Z,1E-5,9.981609095194027e-6,25.47
2026-10-06T10:57:46Z,1E-5,9.981123368261155e-6,25.414
2026-10-06T11:13:49Z,1E-5,9.981336080554457e-6,25.3567
2026-10-06T11:29:53Z,1E-5,9.981400687057882e-6,25.2992
2026-10-06T11:45:57Z,1E-5,9.980038989157083e-6,25.2413
2026-10-06T12:02:01Z,1E-5,9.980996867419567e-6,25.1854
2026-10-06T12:18:05Z,1E-5,9.980914604744214e-6,25.1296
2026-10-06T12:34:09Z,1E-5,9.981874143864618e-6,25.0769
2026-10-06T12:50:13Z,1E-5,9.981586974335138e-6,25.0281
2026-10-06T13:06:17Z,1E-5,9.981436417864383e-6,24.9865
2026-10-06T13:22:21Z,1E-5,9.981493955443098e-6,24.9474
2026-10-06T13:38:25Z,1E-5,9.981714219955291e-6,24.9092
2026-10-06T13:54:29Z,1E-5,9.981205623251634e-6,24.8712
2026-10-06T14:10:33Z,1E-5,9.98194266835213e-6,24.8294
2026-10-06T14:26:37Z,1E-5,9.981357386898175e-6,24.7879
2026-10-06T14:42:41Z,1E-5,9.98160996668293e-6,24.7578
2026-10-06T14:58:44Z,1E-5,9.980933675841781e-6,24.7452
2026-10-06T15:14:48Z,1E-5,9.980913812858871e-6,24.7436
2026-10-06T15:30:52Z,1E-5,9.98058103510226e-6,24.7467
2026-10-06T15:46:56Z,1E-5,9.980440932276952e-6,24.754
2026-10-06T16:03:00Z,1E-5,9.981194272754948e-6,24.7696
2026-10-06T16:19:04Z,1E-5,9.981085349074145e-6,24.7895
2026-10-06T16:35:08Z,1E-5,9.981408284908444e-6,24.8159
2026-10-06T16:51:12Z,1E-5,9.98201236098629e-6,24.8443
2026-10-06T17:07:16Z,1E-5,9.981737635984142e-6,24.8721
2026-10-06T17:23:20Z,1E-5,9.981761724918665e-6,24.9054
2026-10-06T17:39:24Z,1E-5,9.981566206526616e-6,24.9484
2026-10-06T17:55:28Z,1E-5,9.980774714689238e-6,24.9925
2026-10-06T18:11:32Z,1E-5,9.981436069630261e-6,25.0325
2026-10-06T18:27:36Z,1E-5,9.981204013633117e-6,25.0702
2026-10-06T18:43:39Z,1E-5,9.981105589315769e-6,25.1079
2026-10-06T18:59:43Z,1E-5,9.981126726077387e-6,25.1472
2026-10-06T19:15:47Z,1E-5,9.98177488327031e-6,25.1929
2026-10-06T19:31:51Z,1E-5,9.981442455050029e-6,25.2408
2026-10-06T19:47:55Z,1E-5,9.981645343355889e-6,25.2913
2026-10-06T20:03:59Z,1E-5,9.980509831299949e-6,25.3415
2026-10-06T20:20:03Z,1E-5,9.981630053498494e-6,25.3868
2026-10-06T20:36:07Z,1E-5,9.981825337476632e-6,25.4244
2026-10-06T20:52:11Z,1E-5,9.981410443855042e-6,25.4584
2026-10-06T21:08:15Z,1E-5,9.981853501008518e-6,25.4824
2026-10-06T21:24:19Z,1E-5,9.981239490560272e-6,25.4988
2026-10-06T21:40:23Z,1E-5,9.981309736302666e-6,25.5121
2026-10-06T21:56:27Z,1E-5,9.981960720354926e-6,25.5241
2026-10-06T22:12:31Z,1E-5,9.98205271819937e-6,25.5449
2026-10-06T22:28:34Z,1E-5,9.981690403467443e-6,25.5788
2026-10-06T22:44:38Z,1E-5,9.981375811944378e-6,25.6219
2026-10-06T23:00:42Z,1E-5,9.980793661445759e-6,25.6691
2026-10-06T23:16:46Z,1E-5,9.982108912264871e-6,25.7102
2026-10-06T23:32:50Z,1E-5,9.982023458359731e-6,25.7448
2026-10-06T23:48:54Z,1E-5,9.980956745229593e-6,25.7777
2026-10-07T00:04:58Z,1E-5,9.980872353394612e-6,25.8129
2026-10-07T00:21:02Z,1E-5,9.981309405146586e-6,25.8507
2026-10-07T00:37:06Z,1E-5,9.981524475649424e-6,25.8912
2026-10-07T00:53:10Z,1E-5,9.980371419152007e-6,25.9308
2026-10-07T01:09:14Z,1E-5,9.981296592602627e-6,25.9661
2026-10-07T01:25:18Z,1E-5,9.981715739617957e-6,25.9993
2026-10-07T01:41:22Z,1E-5,9.981330864605638e-6,26.0286
2026-10-07T01:57:26Z,1E-5,9.981671399616741e-6,26.0508
2026-10-07T02:13:29Z,1E-5,9.981191290190105e-6,26.0637
2026-10-07T02:29:33Z,1E-5,9.981139788462747e-6,26.0681
2026-10-07T02:45:37Z,1E-5,9.980922672422094e-6,26.0636
2026-10-07T03:01:41Z,1E-5,9.981328869126396e-6,26.0523
2026-10-07T03:17:45Z,1E-5,9.980784323680368e-6,26.0367
2026-10-07T03:33:49Z,1E-5,9.98148959390846e-6,26.0197
2026-10-07T03:49:53Z,1E-5,9.982491914085947e-6,25.9989
2026-10-07T04:05:57Z,1E-5,9.98159355670156e-6,25.978
2026-10-07T04:22:01Z,1E-5,9.980667535229898e-6,25.959
2026-10-07T04:38:05Z,1E-5,9.981896363570711e-6,25.9391
2026-10-07T04:54:09Z,1E-5,9.981207916338333e-6,25.9178
2026-10-07T05:10:13Z,1E-5,9.981111790544368e-6,25.8912
2026-10-07T05:26:17Z,1E-5,9.981474278327928e-6,25.8585
2026-10-07T05:42:20Z,1E-5,9.981613096344387e-6,25.8216
2026-10-07T05:58:24Z,1E-5,9.980576621113771e-6,25.7793
2026-10-07T06:14:28Z,1E-5,9.981130149372465e-6,25.7338
2026-10-07T06:30:32Z,1E-5,9.981372115158333e-6,25.6865
2026-10-07T06:46:36Z,1E-5,9.980722852857282e-6,25.6376
2026-10-07T07:02:40Z,1E-5,9.981827294421597e-6,25.587
2026-10-07T07:18:44Z,1E-5,9.981579815204905e-6,25.5354
2026-10-07T07:34:48Z,1E-5,9.98124427084779e-6,25.4846
2026-10-07T07:50:52Z,1E-5,9.981964730908891e-6,25.4348
2026-10-07T08:06:56Z,1E-5,9.981243317741308e-6,25.3838
2026-10-07T08:23:00Z,1E-5,9.981502745741025e-6,25.3324
2026-10-07T08:39:04Z,1E-5,9.980484156687636e-6,25.2805
2026-10-07T08:55:08Z,1E-5,9.98084876516877e-6,25.2307
2026-10-07T09:11:12Z,1E-5,9.981599905390875e-6,25.1812
2026-10-07T09:27:16Z,1E-5,9.981459298142965e-6,25.1318
2026-10-07T09:43:19Z,1E-5,9.981080675460342e-6,25.082
2026-10-07T09:59:23Z,1E-5,9.981236979506554e-6,25.0321
2026-10-07T10:15:27Z,1E-5,9.981126529332521e-6,24.9836
2026-10-07T10:31:31Z,1E-5,9.981372703489846e-6,24.9354
2026-10-07T10:47:35Z,1E-5,9.980980656410136e-6,24.889
2026-10-07T11:03:39Z,1E-5,9.98128660880809e-6,24.8422
2026-10-07T11:19:43Z,1E-5,9.980983311100092e-6,24.796
2026-10-07T11:35:47Z,1E-5,9.980902979406048e-6,24.7502
2026-10-07T11:51:51Z,1E-5,9.982249085786087e-6,24.7044
2026-10-07T12:07:55Z,1E-5,9.98096455510207e-6,24.658
2026-10-07T12:23:59Z,1E-5,9.981300690948123e-6,24.6136
2026-10-07T12:40:03Z,1E-5,9.981190748487187e-6,24.569
2026-10-07T12:56:07Z,1E-5,9.981066135832428e-6,24.5251
2026-10-07T13:12:10Z,1E-5,9.981166728720538e-6,24.486
2026-10-07T13:28:14Z,1E-5,9.981005669523754e-6,24.46
2026-10-07T13:44:18Z,1E-5,9.98065204402467e-6,24.4393
2026-10-07T14:00:22Z,1E-5,9.981741656834742e-6,24.4258
2026-10-07T14:16:26Z,1E-5,9.980782932575011e-6,24.4213
2026-10-07T14:32:30Z,1E-5,9.98090816142313e-6,24.4201
2026-10-07T14:48:34Z,1E-5,9.98041139495948e-6,24.4272
2026-10-07T15:04:38Z,1E-5,9.981343707118083e-6,24.444
2026-10-07T15:20:42Z,1E-5,9.980981350300202e-6,24.4627
2026-10-07T15:36:46Z,1E-5,9.981061611693376e-6,24.479
2026-10-07T15:52:50Z,1E-5,9.981349195542114e-6,24.496
2026-10-07T16:08:54Z,1E-5,9.981799544967138e-6,24.5135
2026-10-07T16:24:58Z,1E-5,9.981653358953735e-6,24.5282
2026-10-07T16:41:02Z,1E-5,9.980704179727578e-6,24.5419
2026-10-07T16:57:05Z,1E-5,9.980916121396286e-6,24.5597
2026-10-07T17:13:09Z,1E-5,9.981827852139679e-6,24.5813
2026-10-07T17:29:13Z,1E-5,9.98102867408182e-6,24.6006
2026-10-07T17:45:17Z,1E-5,9.981193517572473e-6,24.6164
2026-10-07T18:01:21Z,1E-5,9.982174836595692e-6,24.63
2026-10-07T18:17:25Z,1E-5,9.98129593245257e-6,24.6375
2026-10-07T18:33:29Z,1E-5,9.981221613096722e-6,24.6473
2026-10-07T18:49:33Z,1E-5,9.980897158138227e-6,24.6614
2026-10-07T19:05:37Z,1E-5,9.981821262258479e-6,24.6766
2026-10-07T19:21:41Z,1E-5,9.981632450575536e-6,24.6955
2026-10-07T19:37:45Z,1E-5,9.980970930752402e-6,24.7212
2026-10-07T19:53:49Z,1E-5,9.980620794717145e-6,24.748
2026-10-07T20:09:53Z,1E-5,9.981026500230616e-6,24.7725
2026-10-07T20:25:57Z,1E-5,9.980555302084728e-6,24.7972
2026-10-07T20:42:00Z,1E-5,9.980945893165585e-6,24.8225
2026-10-07T20:58:04Z,1E-5,9.980474924518773e-6,24.8489
2026-10-07T21:14:08Z,1E-5,9.98190695784789e-6,24.8777
2026-10-07T21:30:12Z,1E-5,9.98183697532244e-6,24.9052
2026-10-07T21:46:16Z,1E-5,9.981574381116949e-6,24.9342
2026-10-07T22:02:20Z,1E-5,9.980928041972154e-6,24.969
2026-10-07T22:18:24Z,1E-5,9.981103309768151e-6,25.0142
2026-10-07T22:34:28Z,1E-5,9.982068181974712e-6,25.067
2026-10-07T22:50:32Z,1E-5,9.981177855601357e-6,25.1286
2026-10-07T23:06:36Z,1E-5,9.981314345794952e-6,25.1979
2026-10-07T23:22:40Z,1E-5,9.981079572805406e-6,25.2726
2026-10-07T23:38:44Z,1E-5,9.981706923363217e-6,25.3523
2026-10-07T23:54:48Z,1E-5,9.981515820881452e-6,25.4343
2026-10-08T00:10:52Z,1E-5,9.981351973252015e-6,25.5146
2026-10-08T00:26:55Z,1E-5,9.981691607227734e-6,25.5934
2026-10-08T00:42:59Z,1E-5,9.980974553426e-6,25.6702
2026-10-08T00:59:03Z,1E-5,9.98111677142368e-6,25.742
2026-10-08T01:15:07Z,1E-5,9.98217842275813e-6,25.8091
2026-10-08T01:31:11Z,1E-5,9.98170727993107e-6,25.8701
2026-10-08T01:47:15Z,1E-5,9.981262872458838e-6,25.9228
2026-10-08T02:03:19Z,1E-5,9.980845025741944e-6,25.9655
2026-10-08T02:19:23Z,1E-5,9.980809272286375e-6,25.9949
2026-10-08T02:35:27Z,1E-5,9.982360331978773e-6,26.0115
2026-10-08T02:51:31Z,1E-5,9.98144310524798e-6,26.0182
2026-10-08T03:07:35Z,1E-5,9.980646368553773e-6,26.021
2026-10-08T03:23:39Z,1E-5,9.980770136688098e-6,26.0166
2026-10-08T03:39:43Z,1E-5,9.980594628574186e-6,26.0023
2026-10-08T03:55:46Z,1E-5,9.982012276675765e-6,25.988
2026-10-08T04:11:50Z,1E-5,9.98101208937639e-6,25.9784
2026-10-08T04:27:54Z,1E-5,9.981218336904698e-6,25.9727
2026-10-08T04:43:58Z,1E-5,9.98103822422088e-6,25.9666
2026-10-08T05:00:02Z,1E-5,9.981257288062329e-6,25.9557
2026-10-08T05:16:06Z,1E-5,9.982083680686741e-6,25.9397
2026-10-08T05:32:10Z,1E-5,9.981273739897715e-6,25.9182
2026-10-08T05:48:14Z,1E-5,9.981235570697384e-6,25.8921
2026-10-08T06:04:18Z,1E-5,9.981151059919607e-6,25.8596
2026-10-08T06:20:22Z,1E-5,9.981614167581043e-6,25.8193
2026-10-08T06:36:26Z,1E-5,9.981228164411003e-6,25.7707
2026-10-08T06:52:30Z,1E-5,9.981450748299015e-6,25.716
2026-10-08T07:08:34Z,1E-5,9.981555188045293e-6,25.6583
2026-10-08T07:24:38Z,1E-5,9.981555894021952e-6,25.5974
2026-10-08T07:40:41Z,1E-5,9.981527811156804e-6,25.535
2026-10-08T07:56:45Z,1E-5,9.981649430529283e-6,25.4722
2026-10-08T08:12:49Z,1E-5,9.982263132618662e-6,25.4109
2026-10-08T08:28:53Z,1E-5,9.981302451960593e-6,25.3501
2026-10-08T08:44:57Z,1E-5,9.981070472582032e-6,25.2899
2026-10-08T09:01:01Z,1E-5,9.981745345450933e-6,25.23
2026-10-08T09:17:05Z,1E-5,9.982182599335699e-6,25.1704
2026-10-08T09:33:09Z,1E-5,9.981980969863101e-6,25.111
2026-10-08T09:49:13Z,1E-5,9.981333624822086e-6,25.0518
2026-10-08T10:05:17Z,1E-5,9.981029281856577e-6,24.9951
2026-10-08T10:21:21Z,1E-5,9.981572012838815e-6,24.939
2026-10-08T10:37:25Z,1E-5,9.981535567770869e-6,24.8842
2026-10-08T10:53:29Z,1E-5,9.98170826280294e-6,24.8323
2026-10-08T11:09:33Z,1E-5,9.980692301648708e-6,24.7819
2026-10-08T11:25:36Z,1E-5,9.980702182083039e-6,24.7335
2026-10-08T11:41:40Z,1E-5,9.98202080018637e-6,24.6883
2026-10-08T11:57:44Z,1E-5,9.981109673583171e-6,24.6433
2026-10-08T12:13:48Z,1E-5,9.981284204903214e-6,24.6011
2026-10-08T12:29:52Z,1E-5,9.980967052458554e-6,24.5577
2026-10-08T12:45:56Z,1E-5,9.980531203942952e-6,24.5154
2026-10-08T13:02:00Z,1E-5,9.98158129733369e-6,24.4735
2026-10-08T13:18:04Z,1E-5,9.98219993503525e-6,24.4314
2026-10-08T13:34:08Z,1E-5,9.98117190057392e-6,24.395
2026-10-08T13:50:12Z,1E-5,9.981188114726304e-6,24.3685
2026-10-08T14:06:16Z,1E-5,9.98017868250083e-6,24.3447
2026-10-08T14:22:20Z,1E-5,9.98087757382232e-6,24.3224
2026-10-08T14:38:24Z,1E-5,9.981085588273326e-6,24.3014
2026-10-08T14:54:28Z,1E-5,9.980966700929932e-6,24.2823
2026-10-08T15:10:31Z,1E-5,9.980922562824362e-6,24.2658
2026-10-08T15:26:35Z,1E-5,9.981090205525261e-6,24.2585
2026-10-08T15:42:39Z,1E-5,9.981690372155637e-6,24.2578
2026-10-08T15:58:43Z,1E-5,9.981471998343355e-6,24.2583
2026-10-08T16:14:47Z,1E-5,9.980851536508338e-6,24.26
2026-10-05T16:17:12Z,1E-6,9.984574383193041e-7,24.3345
2026-10-05T16:33:16Z,1E-6,9.986804610334383e-7,24.3398
2026-10-05T16:49:20Z,1E-6,9.98992739434807e-7,24.3465
2026-10-05T17:05:23Z,1E-6,9.986215560583221e-7,24.3552
2026-10-05T17:21:27Z,1E-6,9.98532888078854e-7,24.3667
2026-10-05T17:37:31Z,1E-6,9.98340422330143e-7,24.3821
2026-10-05T17:53:35Z,1E-6,9.982224710335492e-7,24.4023
2026-10-05T18:09:39Z,1E-6,9.979409970099573e-7,24.4242
2026-10-05T18:25:43Z,1E-6,9.983576453970349e-7,24.4444
2026-10-05T18:41:47Z,1E-6,9.985364228581412e-7,24.4643
2026-10-05T18:57:51Z,1E-6,9.991017639857266e-7,24.4872
2026-10-05T19:13:55Z,1E-6,9.98003047735178e-7,24.5152
2026-10-05T19:29:59Z,1E-6,9.98672951440716e-7,24.5482
2026-10-05T19:46:03Z,1E-6,9.980203804258835e-7,24.5853
2026-10-05T20:02:07Z,1E-6,9.974865941013416e-7,24.6241
2026-10-05T20:18:11Z,1E-6,9.982456387949146e-7,24.6649
2026-10-05T20:34:15Z,1E-6,9.982171793548227e-7,24.7093
2026-10-05T20:50:19Z,1E-6,9.980548588434008e-7,24.7547
2026-10-05T21:06:22Z,1E-6,9.979964983020477e-7,24.8012
2026-10-05T21:22:26Z,1E-6,9.982947065323455e-7,24.8483
2026-10-05T21:38:30Z,1E-6,9.983699652029405e-7,24.8962
2026-10-05T21:54:34Z,1E-6,9.9877211991437e-7,24.9448
2026-10-05T22:10:38Z,1E-6,9.981042374043863e-7,24.9934
2026-10-05T22:26:42Z,1E-6,9.983576975189907e-7,25.0424
2026-10-05T22:42:46Z,1E-6,9.97645556768629e-7,25.0961
2026-10-05T22:58:50Z,1E-6,9.985089856656073e-7,25.1556
2026-10-05T23:14:54Z,1E-6,9.973066846634382e-7,25.2167
2026-10-05T23:30:58Z,1E-6,9.973673731956048e-7,25.2779
2026-10-05T23:47:02Z,1E-6,9.986909859886284e-7,25.3375
2026-10-06T00:03:06Z,1E-6,9.983205660954796e-7,25.399
2026-10-06T00:19:10Z,1E-6,9.986632001817457e-7,25.4582
2026-10-06T00:35:14Z,1E-6,9.98143505130106e-7,25.5126
2026-10-06T00:51:17Z,1E-6,9.98396349067307e-7,25.563
2026-10-06T01:07:21Z,1E-6,9.986936778203807e-7,25.6103
2026-10-06T01:23:25Z,1E-6,9.974456318088153e-7,25.6575
2026-10-06T01:39:29Z,1E-6,9.984269758594369e-7,25.7063
2026-10-06T01:55:33Z,1E-6,9.990370826703338e-7,25.7583
2026-10-06T02:11:37Z,1E-6,9.980719635080381e-7,25.8109
2026-10-06T02:27:41Z,1E-6,9.977902138143955e-7,25.8613
2026-10-06T02:43:45Z,1E-6,9.97597147626132e-7,25.9053
2026-10-06T02:59:49Z,1E-6,9.983695859873354e-7,25.942
2026-10-06T03:15:53Z,1E-6,9.982204834030262e-7,25.9735
2026-10-06T03:31:57Z,1E-6,9.976401180399595e-7,25.9978
2026-10-06T03:48:01Z,1E-6,9.98501018754899e-7,26.0151
2026-10-06T04:04:05Z,1E-6,9.982621054768125e-7,26.0262
2026-10-06T04:20:08Z,1E-6,9.991675709814355e-7,26.0337
2026-10-06T04:36:12Z,1E-6,9.980819331004427e-7,26.0399
2026-10-06T04:52:16Z,1E-6,9.987944703176595e-7,26.0432
2026-10-06T05:08:20Z,1E-6,9.985855099260235e-7,26.0419
2026-10-06T05:24:24Z,1E-6,9.974551390829537e-7,26.0367
2026-10-06T05:40:28Z,1E-6,9.970380516819414e-7,26.0279
2026-10-06T05:56:32Z,1E-6,9.985974289794e-7,26.0157
2026-10-06T06:12:36Z,1E-6,9.979724431639956e-7,26.0023
2026-10-06T06:28:40Z,1E-6,9.98492005604994e-7,25.99
2026-10-06T06:44:44Z,1E-6,9.979120487020572e-7,25.9785
2026-10-06T07:00:48Z,1E-6,9.9817911831203e-7,25.9657
2026-10-06T07:16:52Z,1E-6,9.9853537355303e-7,25.9524
2026-10-06T07:32:56Z,1E-6,9.981930943996568e-7,25.9373
2026-10-06T07:49:00Z,1E-6,9.98177662831309e-7,25.9201
2026-10-06T08:05:03Z,1E-6,9.979838335303738e-7,25.9009
2026-10-06T08:21:07Z,1E-6,9.981911877719506e-7,25.8797
2026-10-06T08:37:11Z,1E-6,9.98413314073346e-7,25.8559
2026-10-06T08:53:15Z,1E-6,9.982192894822584e-7,25.8298
2026-10-06T09:09:19Z,1E-6,9.978023245503459e-7,25.8016
2026-10-06T09:25:23Z,1E-6,9.97860914221719e-7,25.7719
2026-10-06T09:41:27Z,1E-6,9.980977987955252e-7,25.7402
2026-10-06T09:57:31Z,1E-6,9.981414501363073e-7,25.7063
2026-10-06T10:13:35Z,1E-6,9.984079680533103e-7,25.6702
2026-10-06T10:29:39Z,1E-6,9.97619387404653e-7,25.6325
2026-10-06T10:45:43Z,1E-6,9.983019870771585e-7,25.593
2026-10-06T11:01:47Z,1E-6,9.982118205619019e-7,25.5516
2026-10-06T11:17:51Z,1E-6,9.990430055247821e-7,25.5087
2026-10-06T11:33:55Z,1E-6,9.982098560182671e-7,25.4648
2026-10-06T11:49:58Z,1E-6,9.982386493190148e-7,25.4201
2026-10-06T12:06:02Z,1E-6,9.98312143808645e-7,25.3758
2026-10-06T12:22:06Z,1E-6,9.98029067082088e-7,25.3318
2026-10-06T12:38:10Z,1E-6,9.981175998137566e-7,25.2886
2026-10-06T12:54:14Z,1E-6,9.981766464991296e-7,25.2482
2026-10-06T13:10:18Z,1E-6,9.984588294350392e-7,25.2114
2026-10-06T13:26:22Z,1E-6,9.98518082783299e-7,25.1758
2026-10-06T13:42:26Z,1E-6,9.98547508350727e-7,25.1399
2026-10-06T13:58:30Z,1E-6,9.976406446291132e-7,25.1039
2026-10-06T14:14:34Z,1E-6,9.984424902993518e-7,25.0654
2026-10-06T14:30:38Z,1E-6,9.98575753149916e-7,25.0282
2026-10-06T14:46:42Z,1E-6,9.985462065257254e-7,24.9993
2026-10-06T15:02:46Z,1E-6,9.977446218990064e-7,24.9812
2026-10-06T15:18:49Z,1E-6,9.98354890332139e-7,24.9689
2026-10-06T15:34:53Z,1E-6,9.984152128988305e-7,24.9597
2026-10-06T15:50:57Z,1E-6,9.985498360699922e-7,24.9541
2026-10-06T16:07:01Z,1E-6,9.979564507962872e-7,24.9542
2026-10-06T16:23:05Z,1E-6,9.988342531451214e-7,24.958
2026-10-06T16:39:09Z,1E-6,9.985084092734095e-7,24.9663
2026-10-06T16:55:13Z,1E-6,9.985836154999021e-7,24.9761
2026-10-06T17:11:17Z,1E-6,9.990747853804717e-7,24.987
2026-10-06T17:27:21Z,1E-6,9.986448525814618e-7,25.0033
2026-10-06T17:43:25Z,1E-6,9.98675836034882e-7,25.0256
2026-10-06T17:59:29Z,1E-6,9.980378521493337e-7,25.0487
2026-10-06T18:15:33Z,1E-6,9.985586587694596e-7,25.0703
2026-10-06T18:31:37Z,1E-6,9.983065997331222e-7,25.0918
2026-10-06T18:47:41Z,1E-6,9.984854828049258e-7,25.1142
2026-10-06T19:03:44Z,1E-6,9.98605059395027e-7,25.1391
2026-10-06T19:19:48Z,1E-6,9.983533712987227e-7,25.1686
2026-10-06T19:35:52Z,1E-6,9.987853049399357e-7,25.2004
2026-10-06T19:51:56Z,1E-6,9.986673685879782e-7,25.2339
2026-10-06T20:08:00Z,1E-6,9.981629527022817e-7,25.2681
2026-10-06T20:24:04Z,1E-6,9.981188254762437e-7,25.2989
2026-10-06T20:40:08Z,1E-6,9.979109481352308e-7,25.3263
2026-10-06T20:56:12Z,1E-6,9.976286580850283e-7,25.3516
2026-10-06T21:12:16Z,1E-6,9.978809631230109e-7,25.371
2026-10-06T21:28:20Z,1E-6,9.975386610715433e-7,25.386
2026-10-06T21:44:24Z,1E-6,9.979543323187238e-7,25.3994
2026-10-06T22:00:28Z,1E-6,9.982365492692027e-7,25.414
2026-10-06T22:16:32Z,1E-6,9.983856316691741e-7,25.4347
2026-10-06T22:32:36Z,1E-6,9.98475811837851e-7,25.4631
2026-10-06T22:48:39Z,1E-6,9.976894812250273e-7,25.4971
2026-10-06T23:04:43Z,1E-6,9.980621258635e-7,25.5325
2026-10-06T23:20:47Z,1E-6,9.975277919955313e-7,25.5643
2026-10-06T23:36:51Z,1E-6,9.986129474418402e-7,25.5928
2026-10-06T23:52:55Z,1E-6,9.983160929063619e-7,25.6215
2026-10-07T00:08:59Z,1E-6,9.97885657858927e-7,25.6521
2026-10-07T00:25:03Z,1E-6,9.976039639015752e-7,25.6848
2026-10-07T00:41:07Z,1E-6,9.985854568335715e-7,25.7185
2026-10-07T00:57:11Z,1E-6,9.979618635798498e-7,25.7517
2026-10-07T01:13:15Z,1E-6,9.991064965199676e-7,25.7827
2026-10-07T01:29:19Z,1E-6,9.987798409468143e-7,25.8125
2026-10-07T01:45:23Z,1E-6,9.97947743441515e-7,25.8398
2026-10-07T02:01:27Z,1E-6,9.983933429532314e-7,25.862
2026-10-07T02:17:31Z,1E-6,9.982293822571587e-7,25.8789
2026-10-07T02:33:34Z,1E-6,9.981542996199294e-7,25.8897
2026-10-07T02:49:38Z,1E-6,9.985249185421538e-7,25.8954
2026-10-07T03:05:42Z,1E-6,9.98642815847082e-7,25.8964
2026-10-07T03:21:46Z,1E-6,9.98389248549438e-7,25.8944
2026-10-07T03:37:50Z,1E-6,9.980317838077137e-7,25.8906
2026-10-07T03:53:54Z,1E-6,9.97882381391204e-7,25.8842
2026-10-07T04:09:58Z,1E-6,9.984019061558657e-7,25.8775
2026-10-07T04:26:02Z,1E-6,9.985946431240435e-7,25.8709
2026-10-07T04:42:06Z,1E-6,9.982969998651845e-7,25.8632
2026-10-07T04:58:10Z,1E-6,9.981775968267616e-7,25.8534
2026-10-07T05:14:14Z,1E-6,9.98384869131382e-7,25.839
2026-10-07T05:30:18Z,1E-6,9.980273159877157e-7,25.8209
2026-10-07T05:46:22Z,1E-6,9.98472094521666e-7,25.7988
2026-10-07T06:02:26Z,1E-6,9.988128030513652e-7,25.7734
2026-10-07T06:18:29Z,1E-6,9.98024096043021e-7,25.7451
2026-10-07T06:34:33Z,1E-6,9.984837253788397e-7,25.7148
2026-10-07T06:50:37Z,1E-6,9.976356607346168e-7,25.6827
2026-10-07T07:06:41Z,1E-6,9.991801475662775e-7,25.6485
2026-10-07T07:22:45Z,1E-6,9.979457806794812e-7,25.6133
2026-10-07T07:38:49Z,1E-6,9.9801922769348e-7,25.5775
2026-10-07T07:54:53Z,1E-6,9.983008011954684e-7,25.5414
2026-10-07T08:10:57Z,1E-6,9.978987617839784e-7,25.504
2026-10-07T08:27:01Z,1E-6,9.981357338369985e-7,25.4657
2026-10-07T08:43:05Z,1E-6,9.978229087961926e-7,25.4269
2026-10-07T08:59:09Z,1E-6,9.97851927711712e-7,25.388
2026-10-07T09:15:13Z,1E-6,9.978958564845679e-7,25.3492
2026-10-07T09:31:17Z,1E-6,9.978208823020074e-7,25.3098
2026-10-07T09:47:21Z,1E-6,9.985334717126791e-7,25.2694
2026-10-07T10:03:24Z,1E-6,9.982949817688803e-7,25.2285
2026-10-07T10:19:28Z,1E-6,9.985915693366635e-7,25.1882
2026-10-07T10:35:32Z,1E-6,9.975061330982659e-7,25.1477
2026-10-07T10:51:36Z,1E-6,9.981296806546204e-7,25.1075
2026-10-07T11:07:40Z,1E-6,9.984114497108559e-7,25.0674
2026-10-07T11:23:44Z,1E-6,9.975935220565998e-7,25.0269
2026-10-07T11:39:48Z,1E-6,9.980535713130348e-7,24.9861
2026-10-07T11:55:52Z,1E-6,9.977557460152684e-7,24.9452
2026-10-07T12:11:56Z,1E-6,9.98096920937535e-7,24.9042
2026-10-07T12:28:00Z,1E-6,9.979477293999993e-7,24.8635
2026-10-07T12:44:04Z,1E-6,9.98229524562809e-7,24.8231
2026-10-07T13:00:08Z,1E-6,9.981843618347139e-7,24.7824
2026-10-07T13:16:12Z,1E-6,9.980652934719515e-7,24.7465
2026-10-07T13:32:16Z,1E-6,9.989275062358757e-7,24.7181
2026-10-07T13:48:19Z,1E-6,9.976349847527792e-7,24.6925
2026-10-07T14:04:23Z,1E-6,9.9762067093515e-7,24.6722
2026-10-07T14:20:27Z,1E-6,9.990331317801793e-7,24.6573
2026-10-07T14:36:31Z,1E-6,9.988554701539418e-7,24.6452
2026-10-07T14:52:35Z,1E-6,9.985889082082304e-7,24.6394
2026-10-07T15:08:39Z,1E-6,9.982333579967384e-7,24.6396
2026-10-07T15:24:43Z,1E-6,9.982936400375505e-7,24.6408
2026-10-07T15:40:47Z,1E-6,9.983684898751695e-7,24.6415
2026-10-07T15:56:51Z,1E-6,9.987553904591112e-7,24.644
2026-10-07T16:12:55Z,1E-6,9.99008423763039e-7,24.6468
2026-10-07T16:28:59Z,1E-6,9.98221010728845e-7,24.6485
2026-10-07T16:45:03Z,1E-6,9.979389128629116e-7,24.6514
2026-10-07T17:01:07Z,1E-6,9.986526491296125e-7,24.6574
2026-10-07T17:17:10Z,1E-6,9.981033484091363e-7,24.6661
2026-10-07T17:33:14Z,1E-6,9.982373432314493e-7,24.6729
2026-10-07T17:49:18Z,1E-6,9.97197239527494e-7,24.6788
2026-10-07T18:05:22Z,1E-6,9.969743095785098e-7,24.6831
2026-10-07T18:21:26Z,1E-6,9.991883278837146e-7,24.6849
2026-10-07T18:37:30Z,1E-6,9.989060556973249e-7,24.6893
2026-10-07T18:53:34Z,1E-6,9.980444435603792e-7,24.6964
2026-10-07T19:09:38Z,1E-6,9.97554354204618e-7,24.7045
2026-10-07T19:25:42Z,1E-6,9.98060103686726e-7,24.7156
2026-10-07T19:41:46Z,1E-6,9.981500200758175e-7,24.7312
2026-10-07T19:57:50Z,1E-6,9.978682700508638e-7,24.7471
2026-10-07T20:13:54Z,1E-6,9.987008711695634e-7,24.7621
2026-10-07T20:29:58Z,1E-6,9.974084713479898e-7,24.7785
2026-10-07T20:46:02Z,1E-6,9.975723690218984e-7,24.7954
2026-10-07T21:02:05Z,1E-6,9.977214360598662e-7,24.8134
2026-10-07T21:18:09Z,1E-6,9.981529457919365e-7,24.8335
2026-10-07T21:34:13Z,1E-6,9.983911301132378e-7,24.8528
2026-10-07T21:50:17Z,1E-6,9.99387309733215e-7,24.8741
2026-10-07T22:06:21Z,1E-6,9.986154555364117e-7,24.9006
2026-10-07T22:22:25Z,1E-6,9.983937911521871e-7,24.9336
2026-10-07T22:38:29Z,1E-6,9.97681910773885e-7,24.9719
2026-10-07T22:54:33Z,1E-6,9.985455174675458e-7,25.0167
2026-10-07T23:10:37Z,1E-6,9.987553371618898e-7,25.0665
2026-10-07T23:26:41Z,1E-6,9.98147842562893e-7,25.1207
2026-10-07T23:42:45Z,1E-6,9.984765830736626e-7,25.179
2026-10-07T23:58:49Z,1E-6,9.988051413604491e-7,25.2388
2026-10-08T00:14:53Z,1E-6,9.984201744006758e-7,25.299
2026-10-08T00:30:57Z,1E-6,9.972474123359155e-7,25.3592
2026-10-08T00:47:00Z,1E-6,9.9883858103898e-7,25.4188
2026-10-08T01:03:04Z,1E-6,9.98438145847327e-7,25.4761
2026-10-08T01:19:08Z,1E-6,9.976957034068091e-7,25.5309
2026-10-08T01:35:12Z,1E-6,9.98409404282234e-7,25.5825
2026-10-08T01:51:16Z,1E-6,9.986175445634564e-7,25.6292
2026-10-08T02:07:20Z,1E-6,9.984834914188883e-7,25.669
2026-10-08T02:23:24Z,1E-6,9.981112731085483e-7,25.7008
2026-10-08T02:39:28Z,1E-6,9.979468210108961e-7,25.7249
2026-10-08T02:55:32Z,1E-6,9.992832407403175e-7,25.7431
2026-10-08T03:11:36Z,1E-6,9.98346165668762e-7,25.759
2026-10-08T03:27:40Z,1E-6,9.973048265305635e-7,25.7681
2026-10-08T03:43:44Z,1E-6,9.978683786306333e-7,25.7717
2026-10-08T03:59:48Z,1E-6,9.979121552382322e-7,25.7752
2026-10-08T04:15:52Z,1E-6,9.985508305846236e-7,25.7813
2026-10-08T04:31:55Z,1E-6,9.989816296997903e-7,25.7881
2026-10-08T04:47:59Z,1E-6,9.980154490646081e-7,25.7932
2026-10-08T05:04:03Z,1E-6,9.98416265054322e-7,25.7948
2026-10-08T05:20:07Z,1E-6,9.978360956709032e-7,25.7926
2026-10-08T05:36:11Z,1E-6,9.983257441391208e-7,25.7864
2026-10-08T05:52:15Z,1E-6,9.98428853132215e-7,25.7758
2026-10-08T06:08:19Z,1E-6,9.987844705985652e-7,25.7609
2026-10-08T06:24:23Z,1E-6,9.987385609493441e-7,25.7394
2026-10-08T06:40:27Z,1E-6,9.977265676548404e-7,25.7122
2026-10-08T06:56:31Z,1E-6,9.97784531981202e-7,25.6809
2026-10-08T07:12:35Z,1E-6,9.97471012246236e-7,25.6461
2026-10-08T07:28:39Z,1E-6,9.983018380408115e-7,25.6088
2026-10-08T07:44:43Z,1E-6,9.978250083956305e-7,25.5692
2026-10-08T08:00:47Z,1E-6,9.978684220052891e-7,25.5285
2026-10-08T08:16:50Z,1E-6,9.971689533093096e-7,25.4873
2026-10-08T08:32:54Z,1E-6,9.989512618567228e-7,25.4454
2026-10-08T08:48:58Z,1E-6,9.978209645946174e-7,25.4029
2026-10-08T09:05:02Z,1E-6,9.982213404790828e-7,25.3598
2026-10-08T09:21:06Z,1E-6,9.979976018655932e-7,25.3161
2026-10-08T09:37:10Z,1E-6,9.981899414488856e-7,25.2714
2026-10-08T09:53:14Z,1E-6,9.985606605393746e-7,25.2265
2026-10-08T10:09:18Z,1E-6,9.976237317242407e-7,25.1821
2026-10-08T10:25:22Z,1E-6,9.979648420130822e-7,25.1377
2026-10-08T10:41:26Z,1E-6,9.984545815919229e-7,25.0935
2026-10-08T10:57:30Z,1E-6,9.976070051365132e-7,25.0507
2026-10-08T11:13:34Z,1E-6,9.97740201691467e-7,25.008
2026-10-08T11:29:38Z,1E-6,9.981409703789674e-7,24.9666
2026-10-08T11:45:42Z,1E-6,9.986458103308163e-7,24.9262
2026-10-08T12:01:45Z,1E-6,9.978874993702625e-7,24.8863
2026-10-08T12:17:49Z,1E-6,9.982734536596595e-7,24.8471
2026-10-08T12:33:53Z,1E-6,9.982878428361786e-7,24.8077
2026-10-08T12:49:57Z,1E-6,9.985548154738636e-7,24.7681
2026-10-08T13:06:01Z,1E-6,9.976775602436733e-7,24.7289
2026-10-08T13:22:05Z,1E-6,9.98212000781257e-7,24.6895
2026-10-08T13:38:09Z,1E-6,9.984347859152571e-7,24.6552
2026-10-08T13:54:13Z,1E-6,9.984052204216872e-7,24.6258
2026-10-08T14:10:17Z,1E-6,9.987768196980851e-7,24.5978
2026-10-08T14:26:21Z,1E-6,9.989551814598422e-7,24.5709
2026-10-08T14:42:25Z,1E-6,9.984202106339388e-7,24.5452
2026-10-08T14:58:29Z,1E-6,9.982121696523846e-7,24.5208
2026-10-08T15:14:33Z,1E-6,9.984203138872208e-7,24.4989
2026-10-08T15:30:36Z,1E-6,9.981830441126185e-7,24.4835
2026-10-08T15:46:40Z,1E-6,9.985402798737108e-7,24.472
2026-10-08T16:02:44Z,1E-6,9.978571324971153e-7,24.4613
2026-10-08T16:18:48Z,1E-6,9.98541053905127e-7,24.4518
2026-10-05T16:21:13Z,1E-7,9.94162194300492e-8,24.443
2026-10-05T16:37:17Z,1E-7,1.0017411697394947e-7,24.4561
2026-10-05T16:53:21Z,1E-7,9.953514132373139e-8,24.4799
2026-10-05T17:09:25Z,1E-7,1.0002557268382808e-7,24.5249
2026-10-05T17:25:29Z,1E-7,9.886651272503221e-8,24.5895
2026-10-05T17:41:32Z,1E-7,9.947587199014437e-8,24.6911
2026-10-05T17:57:36Z,1E-7,9.904501156845629e-8,24.7745
2026-10-05T18:13:40Z,1E-7,9.978811624902993e-8,24.8161
2026-10-05T18:29:44Z,1E-7,1.00293423604887e-7,24.8125
2026-10-05T18:45:48Z,1E-7,9.986251896691422e-8,24.8451
2026-10-05T19:01:52Z,1E-7,1.0023410592402362e-7,24.9343
2026-10-05T19:17:56Z,1E-7,1.0054627957687081e-7,25.0466
2026-10-05T19:34:00Z,1E-7,1.0018975074759271e-7,25.1681
2026-10-05T19:50:04Z,1E-7,9.917936131613562e-8,25.2673
2026-10-05T20:06:08Z,1E-7,9.962529524800339e-8,25.3394
2026-10-05T20:22:12Z,1E-7,9.972944043916547e-8,25.4356
2026-10-05T20:38:16Z,1E-7,9.996733367637497e-8,25.5217
2026-10-05T20:54:20Z,1E-7,9.993772560405916e-8,25.5897
2026-10-05T21:10:24Z,1E-7,9.971492321152762e-8,25.6568
2026-10-05T21:26:27Z,1E-7,9.941780911239156e-8,25.7167
2026-10-05T21:42:31Z,1E-7,1.0029468398038295e-7,25.7786
2026-10-05T21:58:35Z,1E-7,9.953688085624484e-8,25.8378
2026-10-05T22:14:39Z,1E-7,9.95518250459513e-8,25.8876
2026-10-05T22:30:43Z,1E-7,9.906150772767646e-8,25.9557
2026-10-05T22:46:47Z,1E-7,1.000275847720982e-7,26.1073
2026-10-05T23:02:51Z,1E-7,9.961163747789218e-8,26.2512
2026-10-05T23:18:55Z,1E-7,9.874985025415672e-8,26.3348
2026-10-05T23:34:59Z,1E-7,9.943356515648125e-8,26.3929
2026-10-05T23:51:03Z,1E-7,1.0002809931032778e-7,26.4494
2026-10-06T00:07:07Z,1E-7,9.976071335995338e-8,26.5246
2026-10-06T00:23:11Z,1E-7,9.879483272122372e-8,26.531
2026-10-06T00:39:15Z,1E-7,9.89880597342215e-8,26.5023
2026-10-06T00:55:19Z,1E-7,1.0017694693075114e-7,26.4904
2026-10-06T01:11:22Z,1E-7,9.979057592024826e-8,26.4832
2026-10-06T01:27:26Z,1E-7,9.934478286217498e-8,26.5301
2026-10-06T01:43:30Z,1E-7,9.962720276913738e-8,26.6251
2026-10-06T01:59:34Z,1E-7,9.959756319015784e-8,26.709
2026-10-06T02:15:38Z,1E-7,1.0062304821855526e-7,26.7757
2026-10-06T02:31:42Z,1E-7,1.0010296709557726e-7,26.7664
2026-10-06T02:47:46Z,1E-7,9.910728781780153e-8,26.6928
2026-10-06T03:03:50Z,1E-7,1.0002862519635569e-7,26.6108
2026-10-06T03:19:54Z,1E-7,9.955302174738513e-8,26.5354
2026-10-06T03:35:58Z,1E-7,9.959751902004388e-8,26.4306
2026-10-06T03:52:02Z,1E-7,9.96419957720894e-8,26.3217
2026-10-06T04:08:06Z,1E-7,1.0060783664863304e-7,26.2281
2026-10-06T04:24:10Z,1E-7,9.982011677040163e-8,26.1834
2026-10-06T04:40:14Z,1E-7,9.959712646505871e-8,26.1515
2026-10-06T04:56:17Z,1E-7,9.967135179714561e-8,26.0964
2026-10-06T05:12:21Z,1E-7,9.921057578151754e-8,26.0139
2026-10-06T05:28:25Z,1E-7,9.981977214559019e-8,25.9378
2026-10-06T05:44:29Z,1E-7,9.967106620978678e-8,25.8636
2026-10-06T06:00:33Z,1E-7,9.932916948481864e-8,25.7907
2026-10-06T06:16:37Z,1E-7,9.992352351277369e-8,25.769
2026-10-06T06:32:41Z,1E-7,9.93290463005795e-8,25.7744
2026-10-06T06:48:45Z,1E-7,9.935873017723227e-8,25.7664
2026-10-06T07:04:49Z,1E-7,9.9581601007984e-8,25.7393
2026-10-06T07:20:53Z,1E-7,9.92992058958228e-8,25.7071
2026-10-06T07:36:57Z,1E-7,9.99827481022864e-8,25.6599
2026-10-06T07:53:01Z,1E-7,1.0016101875771735e-7,25.6073
2026-10-06T08:09:05Z,1E-7,9.94773632145838e-8,25.551
2026-10-06T08:25:09Z,1E-7,9.897202938609572e-8,25.4881
2026-10-06T08:41:12Z,1E-7,1.0002705733495183e-7,25.421
2026-10-06T08:57:16Z,1E-7,1.0051737426798082e-7,25.3534
2026-10-06T09:13:20Z,1E-7,9.958106849746738e-8,25.2897
2026-10-06T09:29:24Z,1E-7,9.93580742430532e-8,25.2279
2026-10-06T09:45:28Z,1E-7,9.97740828881542e-8,25.1607
2026-10-06T10:01:32Z,1E-7,9.950650021422132e-8,25.0909
2026-10-06T10:17:36Z,1E-7,9.926863417926657e-8,25.013
2026-10-06T10:33:40Z,1E-7,9.94171436640176e-8,24.9424
2026-10-06T10:49:44Z,1E-7,9.971425585504731e-8,24.868
2026-10-06T11:05:48Z,1E-7,9.941694563431011e-8,24.7962
2026-10-06T11:21:52Z,1E-7,9.94465681364394e-8,24.7279
2026-10-06T11:37:56Z,1E-7,9.904524041397698e-8,24.6653
2026-10-06T11:54:00Z,1E-7,1.0008538670266735e-7,24.6122
2026-10-06T12:10:03Z,1E-7,9.932742502213562e-8,24.5725
2026-10-06T12:26:07Z,1E-7,1.00337865843093e-7,24.5335
2026-10-06T12:42:11Z,1E-7,1.0011489965684555e-7,24.5081
2026-10-06T12:58:15Z,1E-7,1.00575545640055e-7,24.5346
2026-10-06T13:14:19Z,1E-7,9.959474077151731e-8,24.5451
2026-10-06T13:30:23Z,1E-7,9.947583385312309e-8,24.5199
2026-10-06T13:46:27Z,1E-7,9.986217753331351e-8,24.4926
2026-10-06T14:02:31Z,1E-7,9.980269303893498e-8,24.4391
2026-10-06T14:18:35Z,1E-7,9.983235217172842e-8,24.3729
2026-10-06T14:34:39Z,1E-7,1.0020382851983038e-7,24.3899
2026-10-06T14:50:43Z,1E-7,9.931224105748914e-8,24.5173
2026-10-06T15:06:47Z,1E-7,9.955010331745661e-8,24.6673
2026-10-06T15:22:51Z,1E-7,1.0012975921455346e-7,24.7545
2026-10-06T15:38:55Z,1E-7,9.905988922194713e-8,24.7984
2026-10-06T15:54:58Z,1E-7,9.962468221796646e-8,24.8829
2026-10-06T16:11:02Z,1E-7,9.859941033794287e-8,24.9623
2026-10-06T16:27:06Z,1E-7,1.0036791911523755e-7,25.0545
2026-10-06T16:43:10Z,1E-7,9.935751004428919e-8,25.1278
2026-10-06T16:59:14Z,1E-7,9.965480608615134e-8,25.1609
2026-10-06T17:15:18Z,1E-7,9.98332115766961e-8,25.2094
2026-10-06T17:31:22Z,1E-7,1.000710947565206e-7,25.3366
2026-10-06T17:47:26Z,1E-7,1.000860804948168e-7,25.4403
2026-10-06T18:03:30Z,1E-7,9.974437905414353e-8,25.4644
2026-10-06T18:19:34Z,1E-7,9.943237264628067e-8,25.4769
2026-10-06T18:35:38Z,1E-7,9.978908066223264e-8,25.4927
2026-10-06T18:51:42Z,1E-7,9.958109045300994e-8,25.5363
2026-10-06T19:07:46Z,1E-7,9.965547233086946e-8,25.6244
2026-10-06T19:23:50Z,1E-7,9.882336975246062e-8,25.71
2026-10-06T19:39:53Z,1E-7,1.0007176517280296e-7,25.7942
2026-10-06T19:55:57Z,1E-7,9.958145499141083e-8,25.8512
2026-10-06T20:12:01Z,1E-7,9.990846960817122e-8,25.8857
2026-10-06T20:28:05Z,1E-7,9.958156779949492e-8,25.846
2026-10-06T20:44:09Z,1E-7,9.861563868372213e-8,25.8297
2026-10-06T21:00:13Z,1E-7,1.0025031621841624e-7,25.7974
2026-10-06T21:16:17Z,1E-7,9.970043321455672e-8,25.7265
2026-10-06T21:32:21Z,1E-7,9.975982950261915e-8,25.6796
2026-10-06T21:48:25Z,1E-7,9.915049550045132e-8,25.6379
2026-10-06T22:04:29Z,1E-7,9.986381160216758e-8,25.707
2026-10-06T22:20:33Z,1E-7,9.984901750787535e-8,25.8525
2026-10-06T22:36:37Z,1E-7,9.903178688863747e-8,25.9947
2026-10-06T22:52:41Z,1E-7,9.964120921965887e-8,26.1298
2026-10-06T23:08:44Z,1E-7,9.996824680704627e-8,26.1616
2026-10-06T23:24:48Z,1E-7,9.971566946607837e-8,26.1396
2026-10-06T23:40:52Z,1E-7,9.913612982715756e-8,26.1222
2026-10-06T23:56:56Z,1E-7,9.943338600532229e-8,26.1602
2026-10-07T00:13:00Z,1E-7,9.937399906752811e-8,26.2207
2026-10-07T00:29:04Z,1E-7,9.947809323696875e-8,26.2899
2026-10-07T00:45:08Z,1E-7,1.0014689897962602e-7,26.3448
2026-10-07T01:01:12Z,1E-7,9.924044083455332e-8,26.3546
2026-10-07T01:17:16Z,1E-7,1.0025100960199318e-7,26.3582
2026-10-07T01:33:20Z,1E-7,9.955257745736913e-8,26.3598
2026-10-07T01:49:24Z,1E-7,9.928508633647093e-8,26.3292
2026-10-07T02:05:28Z,1E-7,9.956741188638438e-8,26.2579
2026-10-07T02:21:32Z,1E-7,9.970110410149619e-8,26.1778
2026-10-07T02:37:36Z,1E-7,9.962671900789597e-8,26.0808
2026-10-07T02:53:40Z,1E-7,1.0038452580984776e-7,25.9933
2026-10-07T03:09:43Z,1E-7,9.952250243892914e-8,25.9134
2026-10-07T03:25:47Z,1E-7,1.0038433837081885e-7,25.8646
2026-10-07T03:41:51Z,1E-7,1.0047342284128227e-7,25.8176
2026-10-07T03:57:55Z,1E-7,1.0020585155984598e-7,25.7687
2026-10-07T04:13:59Z,1E-7,1.0038412575860087e-7,25.7603
2026-10-07T04:30:03Z,1E-7,9.993826357566217e-8,25.7526
2026-10-07T04:46:07Z,1E-7,9.903171715408613e-8,25.7226
2026-10-07T05:02:11Z,1E-7,9.915054609249792e-8,25.6613
2026-10-07T05:18:15Z,1E-7,9.90315807389321e-8,25.5727
2026-10-07T05:34:19Z,1E-7,1.0030950640023556e-7,25.4863
2026-10-07T05:50:23Z,1E-7,9.995274563519637e-8,25.3926
2026-10-07T06:06:27Z,1E-7,9.990805379428871e-8,25.3048
2026-10-07T06:22:31Z,1E-7,9.913519362745255e-8,25.2298
2026-10-07T06:38:35Z,1E-7,9.981867938509236e-8,25.1635
2026-10-07T06:54:38Z,1E-7,9.914985305480633e-8,25.0976
2026-10-07T07:10:42Z,1E-7,9.998194648578164e-8,25.0296
2026-10-07T07:26:46Z,1E-7,1.0017504187569342e-7,24.9732
2026-10-07T07:42:50Z,1E-7,1.0008579818308913e-7,24.9326
2026-10-07T07:58:54Z,1E-7,9.935755257271823e-8,24.877
2026-10-07T08:14:58Z,1E-7,9.987759357433348e-8,24.8263
2026-10-07T08:31:02Z,1E-7,9.916420942633787e-8,24.769
2026-10-07T08:47:06Z,1E-7,9.949106740421481e-8,24.724
2026-10-07T09:03:10Z,1E-7,1.0001111716959645e-7,24.6827
2026-10-07T09:19:14Z,1E-7,9.922344701600565e-8,24.6434
2026-10-07T09:35:18Z,1E-7,9.86141001270313e-8,24.592
2026-10-07T09:51:22Z,1E-7,1.0056075061740082e-7,24.5366
2026-10-07T10:07:26Z,1E-7,1.008281695335392e-7,24.491
2026-10-07T10:23:29Z,1E-7,9.940150485056966e-8,24.4554
2026-10-07T10:39:33Z,1E-7,9.986211676275297e-8,24.4125
2026-10-07T10:55:37Z,1E-7,9.957971270150359e-8,24.3792
2026-10-07T11:11:41Z,1E-7,9.93716079214462e-8,24.336
2026-10-07T11:27:45Z,1E-7,1.0011456949683734e-7,24.2928
2026-10-07T11:43:49Z,1E-7,9.960925385167042e-8,24.2444
2026-10-07T11:59:53Z,1E-7,9.999556320707282e-8,24.2021
2026-10-07T12:15:57Z,1E-7,1.0006980397261188e-7,24.1594
2026-10-07T12:32:01Z,1E-7,1.0056014048554496e-7,24.1255
2026-10-07T12:48:05Z,1E-7,9.977248478896787e-8,24.0875
2026-10-07T13:04:09Z,1E-7,1.000547787487448e-7,24.0571
2026-10-07T13:20:13Z,1E-7,9.984673240834743e-8,24.1292
2026-10-07T13:36:17Z,1E-7,9.908888869950006e-8,24.2024
2026-10-07T13:52:21Z,1E-7,9.898490302589111e-8,24.2475
2026-10-07T14:08:24Z,1E-7,9.983200526470856e-8,24.3258
2026-10-07T14:24:28Z,1E-7,9.95051503719636e-8,24.394
2026-10-07T14:40:32Z,1E-7,9.996589216148211e-8,24.4501
2026-10-07T14:56:36Z,1E-7,9.959448219145142e-8,24.5597
2026-10-07T15:12:40Z,1E-7,9.953514893765144e-8,24.6483
2026-10-07T15:28:44Z,1E-7,9.911913237767063e-8,24.6624
2026-10-07T15:44:48Z,1E-7,1.0008511354261877e-7,24.6678
2026-10-07T16:00:52Z,1E-7,9.977309516234673e-8,24.6933
2026-10-07T16:16:56Z,1E-7,9.949078218295629e-8,24.6952
2026-10-07T16:33:00Z,1E-7,1.0015952110701183e-7,24.6838
2026-10-07T16:49:04Z,1E-7,9.978804062023038e-8,24.7221
2026-10-07T17:05:08Z,1E-7,9.956518136853185e-8,24.7798
2026-10-07T17:21:12Z,1E-7,9.932746360053967e-8,24.817
2026-10-07T17:37:15Z,1E-7,9.8896532713142e-8,24.8044
2026-10-07T17:53:19Z,1E-7,9.898570603897964e-8,24.7916
2026-10-07T18:09:23Z,1E-7,9.925318646272914e-8,24.7533
2026-10-07T18:25:27Z,1E-7,9.993675354768012e-8,24.737
2026-10-07T18:41:31Z,1E-7,9.931262833202355e-8,24.7832
2026-10-07T18:57:35Z,1E-7,9.981791747944527e-8,24.8319
2026-10-07T19:13:39Z,1E-7,9.966934781639667e-8,24.8717
2026-10-07T19:29:43Z,1E-7,9.99368936207333e-8,24.9445
2026-10-07T19:45:47Z,1E-7,9.917908439408717e-8,25.0235
2026-10-07T20:01:51Z,1E-7,1.0005591035409462e-7,25.0413
2026-10-07T20:17:55Z,1E-7,1.0015997275843351e-7,25.045
2026-10-07T20:33:59Z,1E-7,9.876313108549249e-8,25.0856
2026-10-07T20:50:03Z,1E-7,9.953592119684219e-8,25.1121
2026-10-07T21:06:07Z,1E-7,1.0007095131324159e-7,25.1571
2026-10-07T21:22:11Z,1E-7,9.993725871921172e-8,25.1932
2026-10-07T21:38:14Z,1E-7,9.932802084853965e-8,25.2227
2026-10-07T21:54:18Z,1E-7,9.93726582223296e-8,25.2764
2026-10-07T22:10:22Z,1E-7,9.934304145745793e-8,25.42
2026-10-07T22:26:26Z,1E-7,9.950663693194332e-8,25.5537
2026-10-07T22:42:30Z,1E-7,9.965539126033543e-8,25.6921
2026-10-07T22:58:34Z,1E-7,9.967042733120596e-8,25.8565
2026-10-07T23:14:38Z,1E-7,1.0014614624919122e-7,25.9926
2026-10-07T23:30:42Z,1E-7,9.90912174949201e-8,26.1286
2026-10-07T23:46:46Z,1E-7,9.950749600708252e-8,26.2536
2026-10-08T00:02:50Z,1E-7,9.931446210759986e-8,26.3337
2026-10-08T00:18:54Z,1E-7,9.929973793593475e-8,26.4026
2026-10-08T00:34:58Z,1E-7,9.9448466794261e-8,26.4652
2026-10-08T00:51:02Z,1E-7,9.922565321695942e-8,26.5003
2026-10-08T01:07:05Z,1E-7,9.958239225579428e-8,26.5301
2026-10-08T01:23:09Z,1E-7,9.96418896726179e-8,26.532
2026-10-08T01:39:13Z,1E-7,9.955275523110487e-8,26.5148
2026-10-08T01:55:17Z,1E-7,9.927040095816532e-8,26.4714
2026-10-08T02:11:21Z,1E-7,9.99390989173095e-8,26.3812
2026-10-08T02:27:25Z,1E-7,9.9314868153825e-8,26.2706
2026-10-08T02:43:29Z,1E-7,9.925532120524002e-8,26.1516
2026-10-08T02:59:33Z,1E-7,1.0044408516272118e-7,26.0829
2026-10-08T03:15:37Z,1E-7,1.001022037422064e-7,26.0409
2026-10-08T03:31:41Z,1E-7,9.932932707078457e-8,25.917
2026-10-08T03:47:45Z,1E-7,9.943324632204838e-8,25.8557
2026-10-08T04:03:49Z,1E-7,9.977497394764686e-8,25.8565
2026-10-08T04:19:53Z,1E-7,9.949259754316562e-8,25.9067
2026-10-08T04:35:57Z,1E-7,9.926967016488972e-8,25.9113
2026-10-08T04:52:00Z,1E-7,9.974518617565572e-8,25.8773
2026-10-08T05:08:04Z,1E-7,9.888321824693215e-8,25.818
2026-10-08T05:24:08Z,1E-7,9.857107990232644e-8,25.7453
2026-10-08T05:40:12Z,1E-7,9.974499773942526e-8,25.6682
2026-10-08T05:56:16Z,1E-7,9.990837245408007e-8,25.5792
2026-10-08T06:12:20Z,1E-7,9.937327874752439e-8,25.4727
2026-10-08T06:28:24Z,1E-7,9.944744580636186e-8,25.3374
2026-10-08T06:44:28Z,1E-7,9.834761203379005e-8,25.2112
2026-10-08T07:00:32Z,1E-7,9.958089695343813e-8,25.1048
2026-10-08T07:16:36Z,1E-7,9.913493806163822e-8,25.0106
2026-10-08T07:32:40Z,1E-7,9.931313104704935e-8,24.925
2026-10-08T07:48:44Z,1E-7,9.96250771750454e-8,24.8494
2026-10-08T08:04:48Z,1E-7,9.888193911186872e-8,24.7901
2026-10-08T08:20:52Z,1E-7,9.903044614850679e-8,24.7374
2026-10-08T08:36:55Z,1E-7,9.99071236884255e-8,24.6827
2026-10-08T08:52:59Z,1E-7,9.990703555315764e-8,24.6276
2026-10-08T09:09:03Z,1E-7,9.98326494474237e-8,24.5758
2026-10-08T09:25:07Z,1E-7,1.0029324126385084e-7,24.5209
2026-10-08T09:41:11Z,1E-7,9.891113530651591e-8,24.4602
2026-10-08T09:57:15Z,1E-7,9.978782567772003e-8,24.4158
2026-10-08T10:13:19Z,1E-7,9.959456907795533e-8,24.3706
2026-10-08T10:29:23Z,1E-7,1.0005517585087448e-7,24.3324
2026-10-08T10:45:27Z,1E-7,9.953500036267014e-8,24.2986
2026-10-08T11:01:31Z,1E-7,9.876220622930963e-8,24.2698
2026-10-08T11:17:35Z,1E-7,9.87175746289543e-8,24.2394
2026-10-08T11:33:39Z,1E-7,9.962401286274732e-8,24.2143
2026-10-08T11:49:43Z,1E-7,9.954967238587394e-8,24.1951
2026-10-08T12:05:47Z,1E-7,1.0005488314284515e-7,24.1657
2026-10-08T12:21:50Z,1E-7,9.943070553991808e-8,24.132
2026-10-08T12:37:54Z,1E-7,1.0033713892482022e-7,24.0907
2026-10-08T12:53:58Z,1E-7,1.0073831880575191e-7,24.0523
2026-10-08T13:10:02Z,1E-7,1.0038162049235249e-7,24.0166
2026-10-08T13:26:06Z,1E-7,1.0060447740031004e-7,23.9903
2026-10-08T13:42:10Z,1E-7,9.931163031195192e-8,24.0581
2026-10-08T13:58:14Z,1E-7,1.0024784741692942e-7,24.0929
2026-10-08T14:14:18Z,1E-7,9.941567544503137e-8,24.0908
2026-10-08T14:30:22Z,1E-7,9.922249223652582e-8,24.0815
2026-10-08T14:46:26Z,1E-7,9.995065043123356e-8,24.0814
2026-10-08T15:02:30Z,1E-7,9.954942565443386e-8,24.0908
2026-10-08T15:18:34Z,1E-7,9.944542286156112e-8,24.134
2026-10-08T15:34:38Z,1E-7,9.996558845476144e-8,24.2115
2026-10-08T15:50:42Z,1E-7,9.963871635199496e-8,24.2565
2026-10-08T16:06:45Z,1E-7,9.937127322958245e-8,24.2772
2026-10-08T16:22:49Z,1E-7,9.953477196332275e-8,24.2922
