utc,cycle,range,pattern,s_nv
2026-10-05T16:13:11Z,0,1E-5,NIIN,289453.02
2026-10-05T16:17:12Z,0,1E-6,NIIN,28960.78
2026-10-05T16:21:13Z,0,1E-7,NIIN,2883.62
2026-10-05T16:25:14Z,0,1E-7,niin,-0.86
2026-10-05T16:29:15Z,1,1E-5,NIIN,289536.64
2026-10-05T16:33:16Z,1,1E-6,NIIN,28967.24
2026-10-05T16:37:17Z,1,1E-7,NIIN,2905.6
2026-10-05T16:41:18Z,1,1E-7,niin,7.76
2026-10-05T16:45:18Z,2,1E-5,NIIN,289506.03
2026-10-05T16:49:20Z,2,1E-6,NIIN,28976.29
2026-10-05T16:53:21Z,2,1E-7,NIIN,2887.07
2026-10-05T16:57:21Z,2,1E-7,niin,-1.29
2026-10-05T17:01:22Z,3,1E-5,NIIN,289500.0
2026-10-05T17:05:23Z,3,1E-6,NIIN,28965.52
2026-10-05T17:09:25Z,3,1E-7,NIIN,2901.29
2026-10-05T17:13:25Z,3,1E-7,niin,-1.29
2026-10-05T17:17:26Z,4,1E-5,NIIN,289508.62
2026-10-05T17:21:27Z,4,1E-6,NIIN,28962.93
2026-10-05T17:25:29Z,4,1E-7,NIIN,2867.67
2026-10-05T17:29:29Z,4,1E-7,niin,6.9
2026-10-05T17:33:30Z,5,1E-5,NIIN,289500.43
2026-10-05T17:37:31Z,5,1E-6,NIIN,28957.33
2026-10-05T17:41:32Z,5,1E-7,NIIN,2885.34
2026-10-05T17:45:33Z,5,1E-7,niin,15.95
2026-10-05T17:49:34Z,6,1E-5,NIIN,289511.64
2026-10-05T17:53:35Z,6,1E-6,NIIN,28953.88
2026-10-05T17:57:36Z,6,1E-7,NIIN,2872.84
2026-10-05T18:01:37Z,6,1E-7,niin,-18.97
2026-10-05T18:05:38Z,7,1E-5,NIIN,289518.97
2026-10-05T18:09:39Z,7,1E-6,NIIN,28945.69
2026-10-05T18:13:40Z,7,1E-7,NIIN,2894.4
2026-10-05T18:17:41Z,7,1E-7,niin,-1.72
2026-10-05T18:21:42Z,8,1E-5,NIIN,289506.9
2026-10-05T18:25:43Z,8,1E-6,NIIN,28957.76
2026-10-05T18:29:44Z,8,1E-7,NIIN,2909.05
2026-10-05T18:33:45Z,8,1E-7,niin,-0.43
2026-10-05T18:37:46Z,9,1E-5,NIIN,289508.62
2026-10-05T18:41:47Z,9,1E-6,NIIN,28962.93
2026-10-05T18:45:48Z,9,1E-7,NIIN,2896.55
2026-10-05T18:49:49Z,9,1E-7,niin,-3.02
2026-10-05T18:53:50Z,10,1E-5,NIIN,289524.14
2026-10-05T18:57:51Z,10,1E-6,NIIN,28979.31
2026-10-05T19:01:52Z,10,1E-7,NIIN,2907.33
2026-10-05T19:05:53Z,10,1E-7,niin,-7.76
2026-10-05T19:09:54Z,11,1E-5,NIIN,289522.41
2026-10-05T19:13:55Z,11,1E-6,NIIN,28947.41
2026-10-05T19:17:56Z,11,1E-7,NIIN,2916.38
2026-10-05T19:21:57Z,11,1E-7,niin,0.43
2026-10-05T19:25:58Z,12,1E-5,NIIN,289519.4
2026-10-05T19:29:59Z,12,1E-6,NIIN,28966.81
2026-10-05T19:34:00Z,12,1E-7,NIIN,2906.03
2026-10-05T19:38:01Z,12,1E-7,niin,37.93
2026-10-05T19:42:02Z,13,1E-5,NIIN,289523.71
2026-10-05T19:46:03Z,13,1E-6,NIIN,28947.84
2026-10-05T19:50:04Z,13,1E-7,NIIN,2876.72
2026-10-05T19:54:05Z,13,1E-7,niin,-0.0
2026-10-05T19:58:06Z,14,1E-5,NIIN,289500.86
2026-10-05T20:02:07Z,14,1E-6,NIIN,28932.33
2026-10-05T20:06:08Z,14,1E-7,NIIN,2889.66
2026-10-05T20:10:09Z,14,1E-7,niin,11.21
2026-10-05T20:14:10Z,15,1E-5,NIIN,289525.86
2026-10-05T20:18:11Z,15,1E-6,NIIN,28954.31
2026-10-05T20:22:12Z,15,1E-7,NIIN,2892.67
2026-10-05T20:26:13Z,15,1E-7,niin,-6.9
2026-10-05T20:30:13Z,16,1E-5,NIIN,289508.19
2026-10-05T20:34:15Z,16,1E-6,NIIN,28953.45
2026-10-05T20:38:16Z,16,1E-7,NIIN,2899.57
2026-10-05T20:42:16Z,16,1E-7,niin,32.76
2026-10-05T20:46:17Z,17,1E-5,NIIN,289499.14
2026-10-05T20:50:19Z,17,1E-6,NIIN,28948.71
2026-10-05T20:54:20Z,17,1E-7,NIIN,2898.71
2026-10-05T20:58:20Z,17,1E-7,niin,-26.72
2026-10-05T21:02:21Z,18,1E-5,NIIN,289515.52
2026-10-05T21:06:22Z,18,1E-6,NIIN,28946.98
2026-10-05T21:10:24Z,18,1E-7,NIIN,2892.24
2026-10-05T21:14:24Z,18,1E-7,niin,5.6
2026-10-05T21:18:25Z,19,1E-5,NIIN,289524.57
2026-10-05T21:22:26Z,19,1E-6,NIIN,28955.6
2026-10-05T21:26:27Z,19,1E-7,NIIN,2883.62
2026-10-05T21:30:28Z,19,1E-7,niin,-16.38
2026-10-05T21:34:29Z,20,1E-5,NIIN,289506.47
2026-10-05T21:38:30Z,20,1E-6,NIIN,28957.76
2026-10-05T21:42:31Z,20,1E-7,NIIN,2909.05
2026-10-05T21:46:32Z,20,1E-7,niin,-0.86
2026-10-05T21:50:33Z,21,1E-5,NIIN,289495.26
2026-10-05T21:54:34Z,21,1E-6,NIIN,28969.4
2026-10-05T21:58:35Z,21,1E-7,NIIN,2887.07
2026-10-05T22:02:36Z,21,1E-7,niin,-12.07
2026-10-05T22:06:37Z,22,1E-5,NIIN,289499.57
2026-10-05T22:10:38Z,22,1E-6,NIIN,28950.0
2026-10-05T22:14:39Z,22,1E-7,NIIN,2887.5
2026-10-05T22:18:40Z,22,1E-7,niin,-0.43
2026-10-05T22:22:41Z,23,1E-5,NIIN,289494.4
2026-10-05T22:26:42Z,23,1E-6,NIIN,28957.33
2026-10-05T22:30:43Z,23,1E-7,NIIN,2873.28
2026-10-05T22:34:44Z,23,1E-7,niin,-14.66
2026-10-05T22:38:45Z,24,1E-5,NIIN,289512.5
2026-10-05T22:42:46Z,24,1E-6,NIIN,28936.64
2026-10-05T22:46:47Z,24,1E-7,NIIN,2901.29
2026-10-05T22:50:48Z,24,1E-7,niin,-19.4
2026-10-05T22:54:49Z,25,1E-5,NIIN,289501.29
2026-10-05T22:58:50Z,25,1E-6,NIIN,28961.64
2026-10-05T23:02:51Z,25,1E-7,NIIN,2889.22
2026-10-05T23:06:52Z,25,1E-7,niin,10.78
2026-10-05T23:10:53Z,26,1E-5,NIIN,289498.28
2026-10-05T23:14:54Z,26,1E-6,NIIN,28926.72
2026-10-05T23:18:55Z,26,1E-7,NIIN,2864.22
2026-10-05T23:22:56Z,26,1E-7,niin,-14.22
2026-10-05T23:26:57Z,27,1E-5,NIIN,289509.91
2026-10-05T23:30:58Z,27,1E-6,NIIN,28928.45
2026-10-05T23:34:59Z,27,1E-7,NIIN,2884.05
2026-10-05T23:39:00Z,27,1E-7,niin,-6.03
2026-10-05T23:43:01Z,28,1E-5,NIIN,289498.71
2026-10-05T23:47:02Z,28,1E-6,NIIN,28966.81
2026-10-05T23:51:03Z,28,1E-7,NIIN,2901.29
2026-10-05T23:55:04Z,28,1E-7,niin,7.76
2026-10-05T23:59:05Z,29,1E-5,NIIN,289473.28
2026-10-06T00:03:06Z,29,1E-6,NIIN,28956.03
2026-10-06T00:07:07Z,29,1E-7,NIIN,2893.53
2026-10-06T00:11:08Z,29,1E-7,niin,6.03
2026-10-06T00:15:08Z,30,1E-5,NIIN,289546.98
2026-10-06T00:19:10Z,30,1E-6,NIIN,28965.95
2026-10-06T00:23:11Z,30,1E-7,NIIN,2865.52
2026-10-06T00:27:11Z,30,1E-7,niin,-12.93
2026-10-06T00:31:12Z,31,1E-5,NIIN,289499.14
2026-10-06T00:35:14Z,31,1E-6,NIIN,28950.86
2026-10-06T00:39:15Z,31,1E-7,NIIN,2871.12
2026-10-06T00:43:15Z,31,1E-7,niin,-5.6
2026-10-06T00:47:16Z,32,1E-5,NIIN,289515.95
2026-10-06T00:51:17Z,32,1E-6,NIIN,28958.19
2026-10-06T00:55:19Z,32,1E-7,NIIN,2905.6
2026-10-06T00:59:19Z,32,1E-7,niin,-11.21
2026-10-06T01:03:20Z,33,1E-5,NIIN,289507.33
2026-10-06T01:07:21Z,33,1E-6,NIIN,28966.81
2026-10-06T01:11:22Z,33,1E-7,NIIN,2894.4
2026-10-06T01:15:23Z,33,1E-7,niin,14.66
2026-10-06T01:19:24Z,34,1E-5,NIIN,289506.03
2026-10-06T01:23:25Z,34,1E-6,NIIN,28930.6
2026-10-06T01:27:26Z,34,1E-7,NIIN,2881.47
2026-10-06T01:31:27Z,34,1E-7,niin,8.19
2026-10-06T01:35:28Z,35,1E-5,NIIN,289514.22
2026-10-06T01:39:29Z,35,1E-6,NIIN,28959.05
2026-10-06T01:43:30Z,35,1E-7,NIIN,2889.66
2026-10-06T01:47:31Z,35,1E-7,niin,8.19
2026-10-06T01:51:32Z,36,1E-5,NIIN,289512.07
2026-10-06T01:55:33Z,36,1E-6,NIIN,28976.72
2026-10-06T01:59:34Z,36,1E-7,NIIN,2888.79
2026-10-06T02:03:35Z,36,1E-7,niin,-12.07
2026-10-06T02:07:36Z,37,1E-5,NIIN,289498.71
2026-10-06T02:11:37Z,37,1E-6,NIIN,28948.71
2026-10-06T02:15:38Z,37,1E-7,NIIN,2918.53
2026-10-06T02:19:39Z,37,1E-7,niin,2.16
2026-10-06T02:23:40Z,38,1E-5,NIIN,289488.36
2026-10-06T02:27:41Z,38,1E-6,NIIN,28940.52
2026-10-06T02:31:42Z,38,1E-7,NIIN,2903.45
2026-10-06T02:35:43Z,38,1E-7,niin,-2.16
2026-10-06T02:39:44Z,39,1E-5,NIIN,289496.12
2026-10-06T02:43:45Z,39,1E-6,NIIN,28934.91
2026-10-06T02:47:46Z,39,1E-7,NIIN,2874.57
2026-10-06T02:51:47Z,39,1E-7,niin,-8.19
2026-10-06T02:55:48Z,40,1E-5,NIIN,289502.59
2026-10-06T02:59:49Z,40,1E-6,NIIN,28957.33
2026-10-06T03:03:50Z,40,1E-7,NIIN,2901.29
2026-10-06T03:07:51Z,40,1E-7,niin,34.91
2026-10-06T03:11:52Z,41,1E-5,NIIN,289508.19
2026-10-06T03:15:53Z,41,1E-6,NIIN,28953.02
2026-10-06T03:19:54Z,41,1E-7,NIIN,2887.5
2026-10-06T03:23:55Z,41,1E-7,niin,9.05
2026-10-06T03:27:56Z,42,1E-5,NIIN,289521.55
2026-10-06T03:31:57Z,42,1E-6,NIIN,28936.21
2026-10-06T03:35:58Z,42,1E-7,NIIN,2888.79
2026-10-06T03:39:59Z,42,1E-7,niin,-3.45
2026-10-06T03:44:00Z,43,1E-5,NIIN,289492.24
2026-10-06T03:48:01Z,43,1E-6,NIIN,28961.21
2026-10-06T03:52:02Z,43,1E-7,NIIN,2890.09
2026-10-06T03:56:03Z,43,1E-7,niin,-1.29
2026-10-06T04:00:03Z,44,1E-5,NIIN,289531.47
2026-10-06T04:04:05Z,44,1E-6,NIIN,28954.31
2026-10-06T04:08:06Z,44,1E-7,NIIN,2918.1
2026-10-06T04:12:06Z,44,1E-7,niin,8.62
2026-10-06T04:16:07Z,45,1E-5,NIIN,289500.86
2026-10-06T04:20:08Z,45,1E-6,NIIN,28980.6
2026-10-06T04:24:10Z,45,1E-7,NIIN,2895.26
2026-10-06T04:28:10Z,45,1E-7,niin,-5.6
2026-10-06T04:32:11Z,46,1E-5,NIIN,289503.88
2026-10-06T04:36:12Z,46,1E-6,NIIN,28949.14
2026-10-06T04:40:14Z,46,1E-7,NIIN,2888.79
2026-10-06T04:44:14Z,46,1E-7,niin,-16.81
2026-10-06T04:48:15Z,47,1E-5,NIIN,289514.22
2026-10-06T04:52:16Z,47,1E-6,NIIN,28969.83
2026-10-06T04:56:17Z,47,1E-7,NIIN,2890.95
2026-10-06T05:00:18Z,47,1E-7,niin,6.47
2026-10-06T05:04:19Z,48,1E-5,NIIN,289526.72
2026-10-06T05:08:20Z,48,1E-6,NIIN,28963.79
2026-10-06T05:12:21Z,48,1E-7,NIIN,2877.59
2026-10-06T05:16:22Z,48,1E-7,niin,-12.07
2026-10-06T05:20:23Z,49,1E-5,NIIN,289500.43
2026-10-06T05:24:24Z,49,1E-6,NIIN,28931.03
2026-10-06T05:28:25Z,49,1E-7,NIIN,2895.26
2026-10-06T05:32:26Z,49,1E-7,niin,-10.78
2026-10-06T05:36:27Z,50,1E-5,NIIN,289523.71
2026-10-06T05:40:28Z,50,1E-6,NIIN,28918.97
2026-10-06T05:44:29Z,50,1E-7,NIIN,2890.95
2026-10-06T05:48:30Z,50,1E-7,niin,17.67
2026-10-06T05:52:31Z,51,1E-5,NIIN,289519.4
2026-10-06T05:56:32Z,51,1E-6,NIIN,28964.22
2026-10-06T06:00:33Z,51,1E-7,NIIN,2881.03
2026-10-06T06:04:34Z,51,1E-7,niin,-27.16
2026-10-06T06:08:35Z,52,1E-5,NIIN,289486.64
2026-10-06T06:12:36Z,52,1E-6,NIIN,28946.12
2026-10-06T06:16:37Z,52,1E-7,NIIN,2898.28
2026-10-06T06:20:38Z,52,1E-7,niin,-0.0
2026-10-06T06:24:39Z,53,1E-5,NIIN,289505.6
2026-10-06T06:28:40Z,53,1E-6,NIIN,28961.21
2026-10-06T06:32:41Z,53,1E-7,NIIN,2881.03
2026-10-06T06:36:42Z,53,1E-7,niin,-8.62
2026-10-06T06:40:43Z,54,1E-5,NIIN,289526.72
2026-10-06T06:44:44Z,54,1E-6,NIIN,28944.4
2026-10-06T06:48:45Z,54,1E-7,NIIN,2881.9
2026-10-06T06:52:46Z,54,1E-7,niin,3.88
2026-10-06T06:56:47Z,55,1E-5,NIIN,289500.43
2026-10-06T07:00:48Z,55,1E-6,NIIN,28952.16
2026-10-06T07:04:49Z,55,1E-7,NIIN,2888.36
2026-10-06T07:08:50Z,55,1E-7,niin,-9.05
2026-10-06T07:12:51Z,56,1E-5,NIIN,289511.64
2026-10-06T07:16:52Z,56,1E-6,NIIN,28962.5
2026-10-06T07:20:53Z,56,1E-7,NIIN,2880.17
2026-10-06T07:24:54Z,56,1E-7,niin,6.47
2026-10-06T07:28:55Z,57,1E-5,NIIN,289518.97
2026-10-06T07:32:56Z,57,1E-6,NIIN,28952.59
2026-10-06T07:36:57Z,57,1E-7,NIIN,2900.0
2026-10-06T07:40:58Z,57,1E-7,niin,16.38
2026-10-06T07:44:58Z,58,1E-5,NIIN,289518.1
2026-10-06T07:49:00Z,58,1E-6,NIIN,28952.16
2026-10-06T07:53:01Z,58,1E-7,NIIN,2905.17
2026-10-06T07:57:01Z,58,1E-7,niin,25.43
2026-10-06T08:01:02Z,59,1E-5,NIIN,289495.69
2026-10-06T08:05:03Z,59,1E-6,NIIN,28946.55
2026-10-06T08:09:05Z,59,1E-7,NIIN,2885.34
2026-10-06T08:13:05Z,59,1E-7,niin,-6.47
2026-10-06T08:17:06Z,60,1E-5,NIIN,289489.66
2026-10-06T08:21:07Z,60,1E-6,NIIN,28952.59
2026-10-06T08:25:09Z,60,1E-7,NIIN,2870.69
2026-10-06T08:29:09Z,60,1E-7,niin,-9.48
2026-10-06T08:33:10Z,61,1E-5,NIIN,289512.5
2026-10-06T08:37:11Z,61,1E-6,NIIN,28959.05
2026-10-06T08:41:12Z,61,1E-7,NIIN,2901.29
2026-10-06T08:45:13Z,61,1E-7,niin,4.31
2026-10-06T08:49:14Z,62,1E-5,NIIN,289519.83
2026-10-06T08:53:15Z,62,1E-6,NIIN,28953.45
2026-10-06T08:57:16Z,62,1E-7,NIIN,2915.52
2026-10-06T09:01:17Z,62,1E-7,niin,-17.67
2026-10-06T09:05:18Z,63,1E-5,NIIN,289491.38
2026-10-06T09:09:19Z,63,1E-6,NIIN,28941.38
2026-10-06T09:13:20Z,63,1E-7,NIIN,2888.36
2026-10-06T09:17:21Z,63,1E-7,niin,7.33
2026-10-06T09:21:22Z,64,1E-5,NIIN,289501.72
2026-10-06T09:25:23Z,64,1E-6,NIIN,28943.1
2026-10-06T09:29:24Z,64,1E-7,NIIN,2881.9
2026-10-06T09:33:25Z,64,1E-7,niin,-21.12
2026-10-06T09:37:26Z,65,1E-5,NIIN,289515.95
2026-10-06T09:41:27Z,65,1E-6,NIIN,28950.0
2026-10-06T09:45:28Z,65,1E-7,NIIN,2893.97
2026-10-06T09:49:29Z,65,1E-7,niin,15.95
2026-10-06T09:53:30Z,66,1E-5,NIIN,289518.1
2026-10-06T09:57:31Z,66,1E-6,NIIN,28951.29
2026-10-06T10:01:32Z,66,1E-7,NIIN,2886.21
2026-10-06T10:05:33Z,66,1E-7,niin,-1.29
2026-10-06T10:09:34Z,67,1E-5,NIIN,289500.0
2026-10-06T10:13:35Z,67,1E-6,NIIN,28959.05
2026-10-06T10:17:36Z,67,1E-7,NIIN,2879.31
2026-10-06T10:21:37Z,67,1E-7,niin,-14.22
2026-10-06T10:25:38Z,68,1E-5,NIIN,289517.67
2026-10-06T10:29:39Z,68,1E-6,NIIN,28936.21
2026-10-06T10:33:40Z,68,1E-7,NIIN,2883.62
2026-10-06T10:37:41Z,68,1E-7,niin,-6.9
2026-10-06T10:41:42Z,69,1E-5,NIIN,289519.4
2026-10-06T10:45:43Z,69,1E-6,NIIN,28956.03
2026-10-06T10:49:44Z,69,1E-7,NIIN,2892.24
2026-10-06T10:53:45Z,69,1E-7,niin,-2.16
2026-10-06T10:57:46Z,70,1E-5,NIIN,289505.6
2026-10-06T11:01:47Z,70,1E-6,NIIN,28953.45
2026-10-06T11:05:48Z,70,1E-7,NIIN,2883.62
2026-10-06T11:09:49Z,70,1E-7,niin,3.45
2026-10-06T11:13:49Z,71,1E-5,NIIN,289512.07
2026-10-06T11:17:51Z,71,1E-6,NIIN,28977.59
2026-10-06T11:21:52Z,71,1E-7,NIIN,2884.48
2026-10-06T11:25:52Z,71,1E-7,niin,18.97
2026-10-06T11:29:53Z,72,1E-5,NIIN,289514.22
2026-10-06T11:33:55Z,72,1E-6,NIIN,28953.45
2026-10-06T11:37:56Z,72,1E-7,NIIN,2872.84
2026-10-06T11:41:56Z,72,1E-7,niin,8.62
2026-10-06T11:45:57Z,73,1E-5,NIIN,289475.0
2026-10-06T11:49:58Z,73,1E-6,NIIN,28954.31
2026-10-06T11:54:00Z,73,1E-7,NIIN,2903.02
2026-10-06T11:58:00Z,73,1E-7,niin,-3.02
2026-10-06T12:02:01Z,74,1E-5,NIIN,289503.02
2026-10-06T12:06:02Z,74,1E-6,NIIN,28956.47
2026-10-06T12:10:03Z,74,1E-7,NIIN,2881.03
2026-10-06T12:14:04Z,74,1E-7,niin,7.76
2026-10-06T12:18:05Z,75,1E-5,NIIN,289500.86
2026-10-06T12:22:06Z,75,1E-6,NIIN,28948.28
2026-10-06T12:26:07Z,75,1E-7,NIIN,2910.34
2026-10-06T12:30:08Z,75,1E-7,niin,-12.07
2026-10-06T12:34:09Z,76,1E-5,NIIN,289528.88
2026-10-06T12:38:10Z,76,1E-6,NIIN,28950.86
2026-10-06T12:42:11Z,76,1E-7,NIIN,2903.88
2026-10-06T12:46:12Z,76,1E-7,niin,15.95
2026-10-06T12:50:13Z,77,1E-5,NIIN,289520.69
2026-10-06T12:54:14Z,77,1E-6,NIIN,28952.59
2026-10-06T12:58:15Z,77,1E-7,NIIN,2917.24
2026-10-06T13:02:16Z,77,1E-7,niin,6.9
2026-10-06T13:06:17Z,78,1E-5,NIIN,289516.38
2026-10-06T13:10:18Z,78,1E-6,NIIN,28960.78
2026-10-06T13:14:19Z,78,1E-7,NIIN,2888.79
2026-10-06T13:18:20Z,78,1E-7,niin,-9.91
2026-10-06T13:22:21Z,79,1E-5,NIIN,289518.1
2026-10-06T13:26:22Z,79,1E-6,NIIN,28962.5
2026-10-06T13:30:23Z,79,1E-7,NIIN,2885.34
2026-10-06T13:34:24Z,79,1E-7,niin,1.29
2026-10-06T13:38:25Z,80,1E-5,NIIN,289524.57
2026-10-06T13:42:26Z,80,1E-6,NIIN,28963.36
2026-10-06T13:46:27Z,80,1E-7,NIIN,2896.55
2026-10-06T13:50:28Z,80,1E-7,niin,-5.17
2026-10-06T13:54:29Z,81,1E-5,NIIN,289509.91
2026-10-06T13:58:30Z,81,1E-6,NIIN,28937.07
2026-10-06T14:02:31Z,81,1E-7,NIIN,2894.83
2026-10-06T14:06:32Z,81,1E-7,niin,-30.17
2026-10-06T14:10:33Z,82,1E-5,NIIN,289531.47
2026-10-06T14:14:34Z,82,1E-6,NIIN,28960.34
2026-10-06T14:18:35Z,82,1E-7,NIIN,2895.69
2026-10-06T14:22:36Z,82,1E-7,niin,-16.81
2026-10-06T14:26:37Z,83,1E-5,NIIN,289514.66
2026-10-06T14:30:38Z,83,1E-6,NIIN,28964.22
2026-10-06T14:34:39Z,83,1E-7,NIIN,2906.47
2026-10-06T14:38:40Z,83,1E-7,niin,-0.86
2026-10-06T14:42:41Z,84,1E-5,NIIN,289521.98
2026-10-06T14:46:42Z,84,1E-6,NIIN,28963.36
2026-10-06T14:50:43Z,84,1E-7,NIIN,2880.6
2026-10-06T14:54:44Z,84,1E-7,niin,-1.29
2026-10-06T14:58:44Z,85,1E-5,NIIN,289502.16
2026-10-06T15:02:46Z,85,1E-6,NIIN,28940.09
2026-10-06T15:06:47Z,85,1E-7,NIIN,2887.5
2026-10-06T15:10:47Z,85,1E-7,niin,-16.81
2026-10-06T15:14:48Z,86,1E-5,NIIN,289501.29
2026-10-06T15:18:49Z,86,1E-6,NIIN,28957.76
2026-10-06T15:22:51Z,86,1E-7,NIIN,2904.31
2026-10-06T15:26:51Z,86,1E-7,niin,19.83
2026-10-06T15:30:52Z,87,1E-5,NIIN,289491.38
2026-10-06T15:34:53Z,87,1E-6,NIIN,28959.48
2026-10-06T15:38:55Z,87,1E-7,NIIN,2873.28
2026-10-06T15:42:55Z,87,1E-7,niin,8.19
2026-10-06T15:46:56Z,88,1E-5,NIIN,289487.07
2026-10-06T15:50:57Z,88,1E-6,NIIN,28963.36
2026-10-06T15:54:58Z,88,1E-7,NIIN,2889.66
2026-10-06T15:58:59Z,88,1E-7,niin,-9.91
2026-10-06T16:03:00Z,89,1E-5,NIIN,289508.62
2026-10-06T16:07:01Z,89,1E-6,NIIN,28946.12
2026-10-06T16:11:02Z,89,1E-7,NIIN,2859.91
2026-10-06T16:15:03Z,89,1E-7,niin,12.5
2026-10-06T16:19:04Z,90,1E-5,NIIN,289505.17
2026-10-06T16:23:05Z,90,1E-6,NIIN,28971.55
2026-10-06T16:27:06Z,90,1E-7,NIIN,2911.21
2026-10-06T16:31:07Z,90,1E-7,niin,-3.88
2026-10-06T16:35:08Z,91,1E-5,NIIN,289514.22
2026-10-06T16:39:09Z,91,1E-6,NIIN,28962.07
2026-10-06T16:43:10Z,91,1E-7,NIIN,2881.9
2026-10-06T16:47:11Z,91,1E-7,niin,-1.29
2026-10-06T16:51:12Z,92,1E-5,NIIN,289531.47
2026-10-06T16:55:13Z,92,1E-6,NIIN,28964.22
2026-10-06T16:59:14Z,92,1E-7,NIIN,2890.52
2026-10-06T17:03:15Z,92,1E-7,niin,-11.21
2026-10-06T17:07:16Z,93,1E-5,NIIN,289523.28
2026-10-06T17:11:17Z,93,1E-6,NIIN,28978.45
2026-10-06T17:15:18Z,93,1E-7,NIIN,2895.69
2026-10-06T17:19:19Z,93,1E-7,niin,-4.31
2026-10-06T17:23:20Z,94,1E-5,NIIN,289523.71
2026-10-06T17:27:21Z,94,1E-6,NIIN,28965.95
2026-10-06T17:31:22Z,94,1E-7,NIIN,2902.59
2026-10-06T17:35:23Z,94,1E-7,niin,1.29
2026-10-06T17:39:24Z,95,1E-5,NIIN,289517.67
2026-10-06T17:43:25Z,95,1E-6,NIIN,28966.81
2026-10-06T17:47:26Z,95,1E-7,NIIN,2903.02
2026-10-06T17:51:27Z,95,1E-7,niin,4.31
2026-10-06T17:55:28Z,96,1E-5,NIIN,289494.4
2026-10-06T17:59:29Z,96,1E-6,NIIN,28948.28
2026-10-06T18:03:30Z,96,1E-7,NIIN,2893.1
2026-10-06T18:07:31Z,96,1E-7,niin,-21.55
2026-10-06T18:11:32Z,97,1E-5,NIIN,289513.36
2026-10-06T18:15:33Z,97,1E-6,NIIN,28963.36
2026-10-06T18:19:34Z,97,1E-7,NIIN,2884.05
2026-10-06T18:23:35Z,97,1E-7,niin,10.34
2026-10-06T18:27:36Z,98,1E-5,NIIN,289506.47
2026-10-06T18:31:37Z,98,1E-6,NIIN,28956.03
2026-10-06T18:35:38Z,98,1E-7,NIIN,2894.4
2026-10-06T18:39:39Z,98,1E-7,niin,9.91
2026-10-06T18:43:39Z,99,1E-5,NIIN,289503.45
2026-10-06T18:47:41Z,99,1E-6,NIIN,28961.21
2026-10-06T18:51:42Z,99,1E-7,NIIN,2888.36
2026-10-06T18:55:42Z,99,1E-7,niin,17.24
2026-10-06T18:59:43Z,100,1E-5,NIIN,289503.88
2026-10-06T19:03:44Z,100,1E-6,NIIN,28964.66
2026-10-06T19:07:46Z,100,1E-7,NIIN,2890.52
2026-10-06T19:11:46Z,100,1E-7,niin,-8.62
2026-10-06T19:15:47Z,101,1E-5,NIIN,289522.41
2026-10-06T19:19:48Z,101,1E-6,NIIN,28957.33
2026-10-06T19:23:50Z,101,1E-7,NIIN,2866.38
2026-10-06T19:27:50Z,101,1E-7,niin,-3.02
2026-10-06T19:31:51Z,102,1E-5,NIIN,289512.5
2026-10-06T19:35:52Z,102,1E-6,NIIN,28969.83
2026-10-06T19:39:53Z,102,1E-7,NIIN,2902.59
2026-10-06T19:43:54Z,102,1E-7,niin,-4.74
2026-10-06T19:47:55Z,103,1E-5,NIIN,289518.1
2026-10-06T19:51:56Z,103,1E-6,NIIN,28966.38
2026-10-06T19:55:57Z,103,1E-7,NIIN,2888.36
2026-10-06T19:59:58Z,103,1E-7,niin,37.07
2026-10-06T20:03:59Z,104,1E-5,NIIN,289484.91
2026-10-06T20:08:00Z,104,1E-6,NIIN,28951.72
2026-10-06T20:12:01Z,104,1E-7,NIIN,2897.84
2026-10-06T20:16:02Z,104,1E-7,niin,6.47
2026-10-06T20:20:03Z,105,1E-5,NIIN,289517.24
2026-10-06T20:24:04Z,105,1E-6,NIIN,28950.43
2026-10-06T20:28:05Z,105,1E-7,NIIN,2888.36
2026-10-06T20:32:06Z,105,1E-7,niin,2.59
2026-10-06T20:36:07Z,106,1E-5,NIIN,289522.84
2026-10-06T20:40:08Z,106,1E-6,NIIN,28944.4
2026-10-06T20:44:09Z,106,1E-7,NIIN,2860.34
2026-10-06T20:48:10Z,106,1E-7,niin,-8.19
2026-10-06T20:52:11Z,107,1E-5,NIIN,289510.78
2026-10-06T20:56:12Z,107,1E-6,NIIN,28936.21
2026-10-06T21:00:13Z,107,1E-7,NIIN,2907.76
2026-10-06T21:04:14Z,107,1E-7,niin,-20.69
2026-10-06T21:08:15Z,108,1E-5,NIIN,289523.71
2026-10-06T21:12:16Z,108,1E-6,NIIN,28943.53
2026-10-06T21:16:17Z,108,1E-7,NIIN,2891.81
2026-10-06T21:20:18Z,108,1E-7,niin,-22.41
2026-10-06T21:24:19Z,109,1E-5,NIIN,289506.03
2026-10-06T21:28:20Z,109,1E-6,NIIN,28933.62
2026-10-06T21:32:21Z,109,1E-7,NIIN,2893.53
2026-10-06T21:36:22Z,109,1E-7,niin,10.34
2026-10-06T21:40:23Z,110,1E-5,NIIN,289508.19
2026-10-06T21:44:24Z,110,1E-6,NIIN,28945.69
2026-10-06T21:48:25Z,110,1E-7,NIIN,2875.86
2026-10-06T21:52:26Z,110,1E-7,niin,-13.36
2026-10-06T21:56:27Z,111,1E-5,NIIN,289527.16
2026-10-06T22:00:28Z,111,1E-6,NIIN,28953.88
2026-10-06T22:04:29Z,111,1E-7,NIIN,2896.55
2026-10-06T22:08:30Z,111,1E-7,niin,3.88
2026-10-06T22:12:31Z,112,1E-5,NIIN,289529.74
2026-10-06T22:16:32Z,112,1E-6,NIIN,28958.19
2026-10-06T22:20:33Z,112,1E-7,NIIN,2896.12
2026-10-06T22:24:33Z,112,1E-7,niin,12.07
2026-10-06T22:28:34Z,113,1E-5,NIIN,289518.97
2026-10-06T22:32:36Z,113,1E-6,NIIN,28960.78
2026-10-06T22:36:37Z,113,1E-7,NIIN,2872.41
2026-10-06T22:40:37Z,113,1E-7,niin,-10.34
2026-10-06T22:44:38Z,114,1E-5,NIIN,289509.48
2026-10-06T22:48:39Z,114,1E-6,NIIN,28937.93
2026-10-06T22:52:41Z,114,1E-7,NIIN,2890.09
2026-10-06T22:56:41Z,114,1E-7,niin,-9.48
2026-10-06T23:00:42Z,115,1E-5,NIIN,289492.24
2026-10-06T23:04:43Z,115,1E-6,NIIN,28948.71
2026-10-06T23:08:44Z,115,1E-7,NIIN,2899.57
2026-10-06T23:12:45Z,115,1E-7,niin,23.28
2026-10-06T23:16:46Z,116,1E-5,NIIN,289530.17
2026-10-06T23:20:47Z,116,1E-6,NIIN,28933.19
2026-10-06T23:24:48Z,116,1E-7,NIIN,2892.24
2026-10-06T23:28:49Z,116,1E-7,niin,-13.79
2026-10-06T23:32:50Z,117,1E-5,NIIN,289527.59
2026-10-06T23:36:51Z,117,1E-6,NIIN,28964.66
2026-10-06T23:40:52Z,117,1E-7,NIIN,2875.43
2026-10-06T23:44:53Z,117,1E-7,niin,-2.59
2026-10-06T23:48:54Z,118,1E-5,NIIN,289496.55
2026-10-06T23:52:55Z,118,1E-6,NIIN,28956.03
2026-10-06T23:56:56Z,118,1E-7,NIIN,2884.05
2026-10-07T00:00:57Z,118,1E-7,niin,2.16
2026-10-07T00:04:58Z,119,1E-5,NIIN,289493.97
2026-10-07T00:08:59Z,119,1E-6,NIIN,28943.53
2026-10-07T00:13:00Z,119,1E-7,NIIN,2882.33
2026-10-07T00:17:01Z,119,1E-7,niin,28.02
2026-10-07T00:21:02Z,120,1E-5,NIIN,289506.47
2026-10-07T00:25:03Z,120,1E-6,NIIN,28935.34
2026-10-07T00:29:04Z,120,1E-7,NIIN,2885.34
2026-10-07T00:33:05Z,120,1E-7,niin,28.02
2026-10-07T00:37:06Z,121,1E-5,NIIN,289512.5
2026-10-07T00:41:07Z,121,1E-6,NIIN,28963.79
2026-10-07T00:45:08Z,121,1E-7,NIIN,2904.74
2026-10-07T00:49:09Z,121,1E-7,niin,6.03
2026-10-07T00:53:10Z,122,1E-5,NIIN,289478.88
2026-10-07T00:57:11Z,122,1E-6,NIIN,28945.69
2026-10-07T01:01:12Z,122,1E-7,NIIN,2878.45
2026-10-07T01:05:13Z,122,1E-7,niin,-4.31
2026-10-07T01:09:14Z,123,1E-5,NIIN,289505.6
2026-10-07T01:13:15Z,123,1E-6,NIIN,28978.88
2026-10-07T01:17:16Z,123,1E-7,NIIN,2907.76
2026-10-07T01:21:17Z,123,1E-7,niin,3.88
2026-10-07T01:25:18Z,124,1E-5,NIIN,289517.67
2026-10-07T01:29:19Z,124,1E-6,NIIN,28969.4
2026-10-07T01:33:20Z,124,1E-7,NIIN,2887.5
2026-10-07T01:37:21Z,124,1E-7,niin,13.79
2026-10-07T01:41:22Z,125,1E-5,NIIN,289506.47
2026-10-07T01:45:23Z,125,1E-6,NIIN,28945.26
2026-10-07T01:49:24Z,125,1E-7,NIIN,2879.74
2026-10-07T01:53:25Z,125,1E-7,niin,22.41
2026-10-07T01:57:26Z,126,1E-5,NIIN,289516.38
2026-10-07T02:01:27Z,126,1E-6,NIIN,28958.19
2026-10-07T02:05:28Z,126,1E-7,NIIN,2887.93
2026-10-07T02:09:29Z,126,1E-7,niin,-2.59
2026-10-07T02:13:29Z,127,1E-5,NIIN,289502.59
2026-10-07T02:17:31Z,127,1E-6,NIIN,28953.45
2026-10-07T02:21:32Z,127,1E-7,NIIN,2891.81
2026-10-07T02:25:32Z,127,1E-7,niin,-16.38
2026-10-07T02:29:33Z,128,1E-5,NIIN,289501.29
2026-10-07T02:33:34Z,128,1E-6,NIIN,28951.29
2026-10-07T02:37:36Z,128,1E-7,NIIN,2889.66
2026-10-07T02:41:36Z,128,1E-7,niin,-27.59
2026-10-07T02:45:37Z,129,1E-5,NIIN,289495.26
2026-10-07T02:49:38Z,129,1E-6,NIIN,28962.07
2026-10-07T02:53:40Z,129,1E-7,NIIN,2911.64
2026-10-07T02:57:40Z,129,1E-7,niin,3.02
2026-10-07T03:01:41Z,130,1E-5,NIIN,289507.33
2026-10-07T03:05:42Z,130,1E-6,NIIN,28965.52
2026-10-07T03:09:43Z,130,1E-7,NIIN,2886.64
2026-10-07T03:13:44Z,130,1E-7,niin,-10.34
2026-10-07T03:17:45Z,131,1E-5,NIIN,289491.81
2026-10-07T03:21:46Z,131,1E-6,NIIN,28958.19
2026-10-07T03:25:47Z,131,1E-7,NIIN,2911.64
2026-10-07T03:29:48Z,131,1E-7,niin,11.21
2026-10-07T03:33:49Z,132,1E-5,NIIN,289512.5
2026-10-07T03:37:50Z,132,1E-6,NIIN,28947.84
2026-10-07T03:41:51Z,132,1E-7,NIIN,2914.22
2026-10-07T03:45:52Z,132,1E-7,niin,19.4
2026-10-07T03:49:53Z,133,1E-5,NIIN,289541.81
2026-10-07T03:53:54Z,133,1E-6,NIIN,28943.53
2026-10-07T03:57:55Z,133,1E-7,NIIN,2906.47
2026-10-07T04:01:56Z,133,1E-7,niin,-4.31
2026-10-07T04:05:57Z,134,1E-5,NIIN,289515.95
2026-10-07T04:09:58Z,134,1E-6,NIIN,28958.62
2026-10-07T04:13:59Z,134,1E-7,NIIN,2911.64
2026-10-07T04:18:00Z,134,1E-7,niin,-14.22
2026-10-07T04:22:01Z,135,1E-5,NIIN,289489.22
2026-10-07T04:26:02Z,135,1E-6,NIIN,28964.22
2026-10-07T04:30:03Z,135,1E-7,NIIN,2898.71
2026-10-07T04:34:04Z,135,1E-7,niin,13.79
2026-10-07T04:38:05Z,136,1E-5,NIIN,289525.0
2026-10-07T04:42:06Z,136,1E-6,NIIN,28955.6
2026-10-07T04:46:07Z,136,1E-7,NIIN,2872.41
2026-10-07T04:50:08Z,136,1E-7,niin,-4.74
2026-10-07T04:54:09Z,137,1E-5,NIIN,289505.17
2026-10-07T04:58:10Z,137,1E-6,NIIN,28952.16
2026-10-07T05:02:11Z,137,1E-7,NIIN,2875.86
2026-10-07T05:06:12Z,137,1E-7,niin,7.33
2026-10-07T05:10:13Z,138,1E-5,NIIN,289502.59
2026-10-07T05:14:14Z,138,1E-6,NIIN,28958.19
2026-10-07T05:18:15Z,138,1E-7,NIIN,2872.41
2026-10-07T05:22:16Z,138,1E-7,niin,-6.47
2026-10-07T05:26:17Z,139,1E-5,NIIN,289513.36
2026-10-07T05:30:18Z,139,1E-6,NIIN,28947.84
2026-10-07T05:34:19Z,139,1E-7,NIIN,2909.48
2026-10-07T05:38:20Z,139,1E-7,niin,25.86
2026-10-07T05:42:20Z,140,1E-5,NIIN,289517.67
2026-10-07T05:46:22Z,140,1E-6,NIIN,28960.78
2026-10-07T05:50:23Z,140,1E-7,NIIN,2899.14
2026-10-07T05:54:23Z,140,1E-7,niin,3.88
2026-10-07T05:58:24Z,141,1E-5,NIIN,289487.93
2026-10-07T06:02:26Z,141,1E-6,NIIN,28970.69
2026-10-07T06:06:27Z,141,1E-7,NIIN,2897.84
2026-10-07T06:10:27Z,141,1E-7,niin,-7.76
2026-10-07T06:14:28Z,142,1E-5,NIIN,289504.31
2026-10-07T06:18:29Z,142,1E-6,NIIN,28947.84
2026-10-07T06:22:31Z,142,1E-7,NIIN,2875.43
2026-10-07T06:26:31Z,142,1E-7,niin,20.69
2026-10-07T06:30:32Z,143,1E-5,NIIN,289511.64
2026-10-07T06:34:33Z,143,1E-6,NIIN,28961.21
2026-10-07T06:38:35Z,143,1E-7,NIIN,2895.26
2026-10-07T06:42:35Z,143,1E-7,niin,-15.95
2026-10-07T06:46:36Z,144,1E-5,NIIN,289493.1
2026-10-07T06:50:37Z,144,1E-6,NIIN,28936.64
2026-10-07T06:54:38Z,144,1E-7,NIIN,2875.86
2026-10-07T06:58:39Z,144,1E-7,niin,4.31
2026-10-07T07:02:40Z,145,1E-5,NIIN,289525.43
2026-10-07T07:06:41Z,145,1E-6,NIIN,28981.47
2026-10-07T07:10:42Z,145,1E-7,NIIN,2900.0
2026-10-07T07:14:43Z,145,1E-7,niin,18.53
2026-10-07T07:18:44Z,146,1E-5,NIIN,289518.53
2026-10-07T07:22:45Z,146,1E-6,NIIN,28945.69
2026-10-07T07:26:46Z,146,1E-7,NIIN,2905.6
2026-10-07T07:30:47Z,146,1E-7,niin,-24.57
2026-10-07T07:34:48Z,147,1E-5,NIIN,289509.05
2026-10-07T07:38:49Z,147,1E-6,NIIN,28947.84
2026-10-07T07:42:50Z,147,1E-7,NIIN,2903.02
2026-10-07T07:46:51Z,147,1E-7,niin,-23.71
2026-10-07T07:50:52Z,148,1E-5,NIIN,289530.17
2026-10-07T07:54:53Z,148,1E-6,NIIN,28956.03
2026-10-07T07:58:54Z,148,1E-7,NIIN,2881.9
2026-10-07T08:02:55Z,148,1E-7,niin,-11.64
2026-10-07T08:06:56Z,149,1E-5,NIIN,289509.48
2026-10-07T08:10:57Z,149,1E-6,NIIN,28944.4
2026-10-07T08:14:58Z,149,1E-7,NIIN,2896.98
2026-10-07T08:18:59Z,149,1E-7,niin,-29.74
2026-10-07T08:23:00Z,150,1E-5,NIIN,289517.24
2026-10-07T08:27:01Z,150,1E-6,NIIN,28951.29
2026-10-07T08:31:02Z,150,1E-7,NIIN,2876.29
2026-10-07T08:35:03Z,150,1E-7,niin,1.29
2026-10-07T08:39:04Z,151,1E-5,NIIN,289487.93
2026-10-07T08:43:05Z,151,1E-6,NIIN,28942.24
2026-10-07T08:47:06Z,151,1E-7,NIIN,2885.78
2026-10-07T08:51:07Z,151,1E-7,niin,3.45
2026-10-07T08:55:08Z,152,1E-5,NIIN,289498.71
2026-10-07T08:59:09Z,152,1E-6,NIIN,28943.1
2026-10-07T09:03:10Z,152,1E-7,NIIN,2900.86
2026-10-07T09:07:11Z,152,1E-7,niin,-5.6
2026-10-07T09:11:12Z,153,1E-5,NIIN,289520.69
2026-10-07T09:15:13Z,153,1E-6,NIIN,28944.4
2026-10-07T09:19:14Z,153,1E-7,NIIN,2878.02
2026-10-07T09:23:15Z,153,1E-7,niin,3.02
2026-10-07T09:27:16Z,154,1E-5,NIIN,289516.81
2026-10-07T09:31:17Z,154,1E-6,NIIN,28942.24
2026-10-07T09:35:18Z,154,1E-7,NIIN,2860.34
2026-10-07T09:39:18Z,154,1E-7,niin,3.45
2026-10-07T09:43:19Z,155,1E-5,NIIN,289506.03
2026-10-07T09:47:21Z,155,1E-6,NIIN,28962.93
2026-10-07T09:51:22Z,155,1E-7,NIIN,2916.81
2026-10-07T09:55:22Z,155,1E-7,niin,5.6
2026-10-07T09:59:23Z,156,1E-5,NIIN,289510.78
2026-10-07T10:03:24Z,156,1E-6,NIIN,28956.03
2026-10-07T10:07:26Z,156,1E-7,NIIN,2924.57
2026-10-07T10:11:26Z,156,1E-7,niin,-0.86
2026-10-07T10:15:27Z,157,1E-5,NIIN,289507.76
2026-10-07T10:19:28Z,157,1E-6,NIIN,28964.66
2026-10-07T10:23:29Z,157,1E-7,NIIN,2883.19
2026-10-07T10:27:30Z,157,1E-7,niin,1.29
2026-10-07T10:31:31Z,158,1E-5,NIIN,289515.09
2026-10-07T10:35:32Z,158,1E-6,NIIN,28933.19
2026-10-07T10:39:33Z,158,1E-7,NIIN,2896.55
2026-10-07T10:43:34Z,158,1E-7,niin,-8.62
2026-10-07T10:47:35Z,159,1E-5,NIIN,289503.88
2026-10-07T10:51:36Z,159,1E-6,NIIN,28951.29
2026-10-07T10:55:37Z,159,1E-7,NIIN,2888.36
2026-10-07T10:59:38Z,159,1E-7,niin,3.45
2026-10-07T11:03:39Z,160,1E-5,NIIN,289512.93
2026-10-07T11:07:40Z,160,1E-6,NIIN,28959.48
2026-10-07T11:11:41Z,160,1E-7,NIIN,2882.33
2026-10-07T11:15:42Z,160,1E-7,niin,-11.64
2026-10-07T11:19:43Z,161,1E-5,NIIN,289504.31
2026-10-07T11:23:44Z,161,1E-6,NIIN,28935.78
2026-10-07T11:27:45Z,161,1E-7,NIIN,2903.88
2026-10-07T11:31:46Z,161,1E-7,niin,-28.02
2026-10-07T11:35:47Z,162,1E-5,NIIN,289502.16
2026-10-07T11:39:48Z,162,1E-6,NIIN,28949.14
2026-10-07T11:43:49Z,162,1E-7,NIIN,2889.22
2026-10-07T11:47:50Z,162,1E-7,niin,14.22
2026-10-07T11:51:51Z,163,1E-5,NIIN,289541.38
2026-10-07T11:55:52Z,163,1E-6,NIIN,28940.52
2026-10-07T11:59:53Z,163,1E-7,NIIN,2900.43
2026-10-07T12:03:54Z,163,1E-7,niin,-15.95
2026-10-07T12:07:55Z,164,1E-5,NIIN,289504.31
2026-10-07T12:11:56Z,164,1E-6,NIIN,28950.43
2026-10-07T12:15:57Z,164,1E-7,NIIN,2902.59
2026-10-07T12:19:58Z,164,1E-7,niin,1.72
2026-10-07T12:23:59Z,165,1E-5,NIIN,289514.22
2026-10-07T12:28:00Z,165,1E-6,NIIN,28946.12
2026-10-07T12:32:01Z,165,1E-7,NIIN,2916.81
2026-10-07T12:36:02Z,165,1E-7,niin,7.76
2026-10-07T12:40:03Z,166,1E-5,NIIN,289511.21
2026-10-07T12:44:04Z,166,1E-6,NIIN,28954.31
2026-10-07T12:48:05Z,166,1E-7,NIIN,2893.97
2026-10-07T12:52:06Z,166,1E-7,niin,-4.74
2026-10-07T12:56:07Z,167,1E-5,NIIN,289507.76
2026-10-07T13:00:08Z,167,1E-6,NIIN,28953.02
2026-10-07T13:04:09Z,167,1E-7,NIIN,2902.16
2026-10-07T13:08:10Z,167,1E-7,niin,-5.6
2026-10-07T13:12:10Z,168,1E-5,NIIN,289510.78
2026-10-07T13:16:12Z,168,1E-6,NIIN,28949.57
2026-10-07T13:20:13Z,168,1E-7,NIIN,2896.12
2026-10-07T13:24:13Z,168,1E-7,niin,-14.22
2026-10-07T13:28:14Z,169,1E-5,NIIN,289506.03
2026-10-07T13:32:16Z,169,1E-6,NIIN,28974.57
2026-10-07T13:36:17Z,169,1E-7,NIIN,2874.14
2026-10-07T13:40:17Z,169,1E-7,niin,-12.93
2026-10-07T13:44:18Z,170,1E-5,NIIN,289495.69
2026-10-07T13:48:19Z,170,1E-6,NIIN,28937.07
2026-10-07T13:52:21Z,170,1E-7,NIIN,2871.12
2026-10-07T13:56:21Z,170,1E-7,niin,7.76
2026-10-07T14:00:22Z,171,1E-5,NIIN,289527.16
2026-10-07T14:04:23Z,171,1E-6,NIIN,28936.64
2026-10-07T14:08:24Z,171,1E-7,NIIN,2895.69
2026-10-07T14:12:25Z,171,1E-7,niin,16.38
2026-10-07T14:16:26Z,172,1E-5,NIIN,289499.14
2026-10-07T14:20:27Z,172,1E-6,NIIN,28977.59
2026-10-07T14:24:28Z,172,1E-7,NIIN,2886.21
2026-10-07T14:28:29Z,172,1E-7,niin,-20.69
2026-10-07T14:32:30Z,173,1E-5,NIIN,289502.59
2026-10-07T14:36:31Z,173,1E-6,NIIN,28972.41
2026-10-07T14:40:32Z,173,1E-7,NIIN,2899.57
2026-10-07T14:44:33Z,173,1E-7,niin,-1.29
2026-10-07T14:48:34Z,174,1E-5,NIIN,289487.93
2026-10-07T14:52:35Z,174,1E-6,NIIN,28964.66
2026-10-07T14:56:36Z,174,1E-7,NIIN,2888.79
2026-10-07T15:00:37Z,174,1E-7,niin,-13.36
2026-10-07T15:04:38Z,175,1E-5,NIIN,289514.66
2026-10-07T15:08:39Z,175,1E-6,NIIN,28954.31
2026-10-07T15:12:40Z,175,1E-7,NIIN,2887.07
2026-10-07T15:16:41Z,175,1E-7,niin,-6.03
2026-10-07T15:20:42Z,176,1E-5,NIIN,289503.88
2026-10-07T15:24:43Z,176,1E-6,NIIN,28956.03
2026-10-07T15:28:44Z,176,1E-7,NIIN,2875.0
2026-10-07T15:32:45Z,176,1E-7,niin,-10.78
2026-10-07T15:36:46Z,177,1E-5,NIIN,289506.03
2026-10-07T15:40:47Z,177,1E-6,NIIN,28958.19
2026-10-07T15:44:48Z,177,1E-7,NIIN,2903.02
2026-10-07T15:48:49Z,177,1E-7,niin,20.26
2026-10-07T15:52:50Z,178,1E-5,NIIN,289514.22
2026-10-07T15:56:51Z,178,1E-6,NIIN,28969.4
2026-10-07T16:00:52Z,178,1E-7,NIIN,2893.97
2026-10-07T16:04:53Z,178,1E-7,niin,19.83
2026-10-07T16:08:54Z,179,1E-5,NIIN,289527.16
2026-10-07T16:12:55Z,179,1E-6,NIIN,28976.72
2026-10-07T16:16:56Z,179,1E-7,NIIN,2885.78
2026-10-07T16:20:57Z,179,1E-7,niin,-3.88
2026-10-07T16:24:58Z,180,1E-5,NIIN,289522.84
2026-10-07T16:28:59Z,180,1E-6,NIIN,28953.88
2026-10-07T16:33:00Z,180,1E-7,NIIN,2905.17
2026-10-07T16:37:01Z,180,1E-7,niin,12.07
2026-10-07T16:41:02Z,181,1E-5,NIIN,289495.26
2026-10-07T16:45:03Z,181,1E-6,NIIN,28945.69
2026-10-07T16:49:04Z,181,1E-7,NIIN,2894.4
2026-10-07T16:53:05Z,181,1E-7,niin,-15.95
2026-10-07T16:57:05Z,182,1E-5,NIIN,289501.29
2026-10-07T17:01:07Z,182,1E-6,NIIN,28966.38
2026-10-07T17:05:08Z,182,1E-7,NIIN,2887.93
2026-10-07T17:09:08Z,182,1E-7,niin,1.72
2026-10-07T17:13:09Z,183,1E-5,NIIN,289527.59
2026-10-07T17:17:10Z,183,1E-6,NIIN,28950.43
2026-10-07T17:21:12Z,183,1E-7,NIIN,2881.03
2026-10-07T17:25:12Z,183,1E-7,niin,-9.05
2026-10-07T17:29:13Z,184,1E-5,NIIN,289504.31
2026-10-07T17:33:14Z,184,1E-6,NIIN,28954.31
2026-10-07T17:37:15Z,184,1E-7,NIIN,2868.53
2026-10-07T17:41:16Z,184,1E-7,niin,-5.6
2026-10-07T17:45:17Z,185,1E-5,NIIN,289509.05
2026-10-07T17:49:18Z,185,1E-6,NIIN,28924.14
2026-10-07T17:53:19Z,185,1E-7,NIIN,2871.12
2026-10-07T17:57:20Z,185,1E-7,niin,9.48
2026-10-07T18:01:21Z,186,1E-5,NIIN,289537.5
2026-10-07T18:05:22Z,186,1E-6,NIIN,28917.67
2026-10-07T18:09:23Z,186,1E-7,NIIN,2878.88
2026-10-07T18:13:24Z,186,1E-7,niin,10.78
2026-10-07T18:17:25Z,187,1E-5,NIIN,289512.07
2026-10-07T18:21:26Z,187,1E-6,NIIN,28981.9
2026-10-07T18:25:27Z,187,1E-7,NIIN,2898.71
2026-10-07T18:29:28Z,187,1E-7,niin,-9.48
2026-10-07T18:33:29Z,188,1E-5,NIIN,289509.91
2026-10-07T18:37:30Z,188,1E-6,NIIN,28973.71
2026-10-07T18:41:31Z,188,1E-7,NIIN,2880.6
2026-10-07T18:45:32Z,188,1E-7,niin,-10.78
2026-10-07T18:49:33Z,189,1E-5,NIIN,289500.43
2026-10-07T18:53:34Z,189,1E-6,NIIN,28948.71
2026-10-07T18:57:35Z,189,1E-7,NIIN,2895.26
2026-10-07T19:01:36Z,189,1E-7,niin,23.28
2026-10-07T19:05:37Z,190,1E-5,NIIN,289527.16
2026-10-07T19:09:38Z,190,1E-6,NIIN,28934.48
2026-10-07T19:13:39Z,190,1E-7,NIIN,2890.95
2026-10-07T19:17:40Z,190,1E-7,niin,-0.86
2026-10-07T19:21:41Z,191,1E-5,NIIN,289521.55
2026-10-07T19:25:42Z,191,1E-6,NIIN,28949.14
2026-10-07T19:29:43Z,191,1E-7,NIIN,2898.71
2026-10-07T19:33:44Z,191,1E-7,niin,17.24
2026-10-07T19:37:45Z,192,1E-5,NIIN,289502.16
2026-10-07T19:41:46Z,192,1E-6,NIIN,28951.72
2026-10-07T19:45:47Z,192,1E-7,NIIN,2876.72
2026-10-07T19:49:48Z,192,1E-7,niin,4.74
2026-10-07T19:53:49Z,193,1E-5,NIIN,289491.81
2026-10-07T19:57:50Z,193,1E-6,NIIN,28943.53
2026-10-07T20:01:51Z,193,1E-7,NIIN,2902.16
2026-10-07T20:05:52Z,193,1E-7,niin,-11.64
2026-10-07T20:09:53Z,194,1E-5,NIIN,289503.45
2026-10-07T20:13:54Z,194,1E-6,NIIN,28967.67
2026-10-07T20:17:55Z,194,1E-7,NIIN,2905.17
2026-10-07T20:21:56Z,194,1E-7,niin,-5.17
2026-10-07T20:25:57Z,195,1E-5,NIIN,289489.66
2026-10-07T20:29:58Z,195,1E-6,NIIN,28930.17
2026-10-07T20:33:59Z,195,1E-7,NIIN,2864.66
2026-10-07T20:37:59Z,195,1E-7,niin,8.19
2026-10-07T20:42:00Z,196,1E-5,NIIN,289500.86
2026-10-07T20:46:02Z,196,1E-6,NIIN,28934.91
2026-10-07T20:50:03Z,196,1E-7,NIIN,2887.07
2026-10-07T20:54:03Z,196,1E-7,niin,-11.64
2026-10-07T20:58:04Z,197,1E-5,NIIN,289487.07
2026-10-07T21:02:05Z,197,1E-6,NIIN,28939.22
2026-10-07T21:06:07Z,197,1E-7,NIIN,2902.59
2026-10-07T21:10:07Z,197,1E-7,niin,-25.0
2026-10-07T21:14:08Z,198,1E-5,NIIN,289528.45
2026-10-07T21:18:09Z,198,1E-6,NIIN,28951.72
2026-10-07T21:22:11Z,198,1E-7,NIIN,2898.71
2026-10-07T21:26:11Z,198,1E-7,niin,21.12
2026-10-07T21:30:12Z,199,1E-5,NIIN,289526.29
2026-10-07T21:34:13Z,199,1E-6,NIIN,28958.62
2026-10-07T21:38:14Z,199,1E-7,NIIN,2881.03
2026-10-07T21:42:15Z,199,1E-7,niin,6.9
2026-10-07T21:46:16Z,200,1E-5,NIIN,289518.53
2026-10-07T21:50:17Z,200,1E-6,NIIN,28987.5
2026-10-07T21:54:18Z,200,1E-7,NIIN,2882.33
2026-10-07T21:58:19Z,200,1E-7,niin,15.09
2026-10-07T22:02:20Z,201,1E-5,NIIN,289499.57
2026-10-07T22:06:21Z,201,1E-6,NIIN,28965.09
2026-10-07T22:10:22Z,201,1E-7,NIIN,2881.47
2026-10-07T22:14:23Z,201,1E-7,niin,7.76
2026-10-07T22:18:24Z,202,1E-5,NIIN,289504.31
2026-10-07T22:22:25Z,202,1E-6,NIIN,28958.62
2026-10-07T22:26:26Z,202,1E-7,NIIN,2886.21
2026-10-07T22:30:27Z,202,1E-7,niin,10.34
2026-10-07T22:34:28Z,203,1E-5,NIIN,289531.9
2026-10-07T22:38:29Z,203,1E-6,NIIN,28937.93
2026-10-07T22:42:30Z,203,1E-7,NIIN,2890.52
2026-10-07T22:46:31Z,203,1E-7,niin,21.98
2026-10-07T22:50:32Z,204,1E-5,NIIN,289505.6
2026-10-07T22:54:33Z,204,1E-6,NIIN,28962.93
2026-10-07T22:58:34Z,204,1E-7,NIIN,2890.95
2026-10-07T23:02:35Z,204,1E-7,niin,4.74
2026-10-07T23:06:36Z,205,1E-5,NIIN,289509.05
2026-10-07T23:10:37Z,205,1E-6,NIIN,28968.97
2026-10-07T23:14:38Z,205,1E-7,NIIN,2904.74
2026-10-07T23:18:39Z,205,1E-7,niin,-12.5
2026-10-07T23:22:40Z,206,1E-5,NIIN,289501.72
2026-10-07T23:26:41Z,206,1E-6,NIIN,28951.29
2026-10-07T23:30:42Z,206,1E-7,NIIN,2874.14
2026-10-07T23:34:43Z,206,1E-7,niin,-6.47
2026-10-07T23:38:44Z,207,1E-5,NIIN,289519.4
2026-10-07T23:42:45Z,207,1E-6,NIIN,28960.78
2026-10-07T23:46:46Z,207,1E-7,NIIN,2886.21
2026-10-07T23:50:47Z,207,1E-7,niin,-15.95
2026-10-07T23:54:48Z,208,1E-5,NIIN,289513.36
2026-10-07T23:58:49Z,208,1E-6,NIIN,28970.26
2026-10-08T00:02:50Z,208,1E-7,NIIN,2880.6
2026-10-08T00:06:51Z,208,1E-7,niin,32.76
2026-10-08T00:10:52Z,209,1E-5,NIIN,289508.19
2026-10-08T00:14:53Z,209,1E-6,NIIN,28959.05
2026-10-08T00:18:54Z,209,1E-7,NIIN,2880.17
2026-10-08T00:22:55Z,209,1E-7,niin,-0.43
2026-10-08T00:26:55Z,210,1E-5,NIIN,289517.67
2026-10-08T00:30:57Z,210,1E-6,NIIN,28925.0
2026-10-08T00:34:58Z,210,1E-7,NIIN,2884.48
2026-10-08T00:38:58Z,210,1E-7,niin,22.41
2026-10-08T00:42:59Z,211,1E-5,NIIN,289496.55
2026-10-08T00:47:00Z,211,1E-6,NIIN,28971.12
2026-10-08T00:51:02Z,211,1E-7,NIIN,2878.02
2026-10-08T00:55:02Z,211,1E-7,niin,-0.43
2026-10-08T00:59:03Z,212,1E-5,NIIN,289500.43
2026-10-08T01:03:04Z,212,1E-6,NIIN,28959.48
2026-10-08T01:07:05Z,212,1E-7,NIIN,2888.36
2026-10-08T01:11:06Z,212,1E-7,niin,3.02
2026-10-08T01:15:07Z,213,1E-5,NIIN,289531.03
2026-10-08T01:19:08Z,213,1E-6,NIIN,28937.93
2026-10-08T01:23:09Z,213,1E-7,NIIN,2890.09
2026-10-08T01:27:10Z,213,1E-7,niin,1.29
2026-10-08T01:31:11Z,214,1E-5,NIIN,289517.24
2026-10-08T01:35:12Z,214,1E-6,NIIN,28958.62
2026-10-08T01:39:13Z,214,1E-7,NIIN,2887.5
2026-10-08T01:43:14Z,214,1E-7,niin,-3.02
2026-10-08T01:47:15Z,215,1E-5,NIIN,289504.31
2026-10-08T01:51:16Z,215,1E-6,NIIN,28964.66
2026-10-08T01:55:17Z,215,1E-7,NIIN,2879.31
2026-10-08T01:59:18Z,215,1E-7,niin,-15.95
2026-10-08T02:03:19Z,216,1E-5,NIIN,289492.24
2026-10-08T02:07:20Z,216,1E-6,NIIN,28960.78
2026-10-08T02:11:21Z,216,1E-7,NIIN,2898.71
2026-10-08T02:15:22Z,216,1E-7,niin,2.16
2026-10-08T02:19:23Z,217,1E-5,NIIN,289491.38
2026-10-08T02:23:24Z,217,1E-6,NIIN,28950.0
2026-10-08T02:27:25Z,217,1E-7,NIIN,2880.6
2026-10-08T02:31:26Z,217,1E-7,niin,-24.14
2026-10-08T02:35:27Z,218,1E-5,NIIN,289536.64
2026-10-08T02:39:28Z,218,1E-6,NIIN,28945.26
2026-10-08T02:43:29Z,218,1E-7,NIIN,2878.88
2026-10-08T02:47:30Z,218,1E-7,niin,4.74
2026-10-08T02:51:31Z,219,1E-5,NIIN,289510.34
2026-10-08T02:55:32Z,219,1E-6,NIIN,28984.05
2026-10-08T02:59:33Z,219,1E-7,NIIN,2913.36
2026-10-08T03:03:34Z,219,1E-7,niin,-15.09
2026-10-08T03:07:35Z,220,1E-5,NIIN,289487.5
2026-10-08T03:11:36Z,220,1E-6,NIIN,28956.9
2026-10-08T03:15:37Z,220,1E-7,NIIN,2903.45
2026-10-08T03:19:38Z,220,1E-7,niin,-25.0
2026-10-08T03:23:39Z,221,1E-5,NIIN,289491.38
2026-10-08T03:27:40Z,221,1E-6,NIIN,28926.72
2026-10-08T03:31:41Z,221,1E-7,NIIN,2881.03
2026-10-08T03:35:42Z,221,1E-7,niin,-31.9
2026-10-08T03:39:43Z,222,1E-5,NIIN,289486.64
2026-10-08T03:43:44Z,222,1E-6,NIIN,28943.1
2026-10-08T03:47:45Z,222,1E-7,NIIN,2884.05
2026-10-08T03:51:46Z,222,1E-7,niin,-14.66
2026-10-08T03:55:46Z,223,1E-5,NIIN,289528.02
2026-10-08T03:59:48Z,223,1E-6,NIIN,28944.4
2026-10-08T04:03:49Z,223,1E-7,NIIN,2893.97
2026-10-08T04:07:49Z,223,1E-7,niin,-6.47
2026-10-08T04:11:50Z,224,1E-5,NIIN,289499.14
2026-10-08T04:15:52Z,224,1E-6,NIIN,28962.93
2026-10-08T04:19:53Z,224,1E-7,NIIN,2885.78
2026-10-08T04:23:53Z,224,1E-7,niin,1.29
2026-10-08T04:27:54Z,225,1E-5,NIIN,289505.17
2026-10-08T04:31:55Z,225,1E-6,NIIN,28975.43
2026-10-08T04:35:57Z,225,1E-7,NIIN,2879.31
2026-10-08T04:39:57Z,225,1E-7,niin,-9.48
2026-10-08T04:43:58Z,226,1E-5,NIIN,289500.0
2026-10-08T04:47:59Z,226,1E-6,NIIN,28947.41
2026-10-08T04:52:00Z,226,1E-7,NIIN,2893.1
2026-10-08T04:56:01Z,226,1E-7,niin,-16.38
2026-10-08T05:00:02Z,227,1E-5,NIIN,289506.47
2026-10-08T05:04:03Z,227,1E-6,NIIN,28959.05
2026-10-08T05:08:04Z,227,1E-7,NIIN,2868.1
2026-10-08T05:12:05Z,227,1E-7,niin,-18.1
2026-10-08T05:16:06Z,228,1E-5,NIIN,289530.6
2026-10-08T05:20:07Z,228,1E-6,NIIN,28942.24
2026-10-08T05:24:08Z,228,1E-7,NIIN,2859.05
2026-10-08T05:28:09Z,228,1E-7,niin,-1.29
2026-10-08T05:32:10Z,229,1E-5,NIIN,289507.33
2026-10-08T05:36:11Z,229,1E-6,NIIN,28956.47
2026-10-08T05:40:12Z,229,1E-7,NIIN,2893.1
2026-10-08T05:44:13Z,229,1E-7,niin,24.57
2026-10-08T05:48:14Z,230,1E-5,NIIN,289506.47
2026-10-08T05:52:15Z,230,1E-6,NIIN,28959.48
2026-10-08T05:56:16Z,230,1E-7,NIIN,2897.84
2026-10-08T06:00:17Z,230,1E-7,niin,17.24
2026-10-08T06:04:18Z,231,1E-5,NIIN,289504.31
2026-10-08T06:08:19Z,231,1E-6,NIIN,28969.83
2026-10-08T06:12:20Z,231,1E-7,NIIN,2882.33
2026-10-08T06:16:21Z,231,1E-7,niin,2.16
2026-10-08T06:20:22Z,232,1E-5,NIIN,289518.1
2026-10-08T06:24:23Z,232,1E-6,NIIN,28968.53
2026-10-08T06:28:24Z,232,1E-7,NIIN,2884.48
2026-10-08T06:32:25Z,232,1E-7,niin,-7.33
2026-10-08T06:36:26Z,233,1E-5,NIIN,289507.33
2026-10-08T06:40:27Z,233,1E-6,NIIN,28939.22
2026-10-08T06:44:28Z,233,1E-7,NIIN,2852.59
2026-10-08T06:48:29Z,233,1E-7,niin,2.16
2026-10-08T06:52:30Z,234,1E-5,NIIN,289514.22
2026-10-08T06:56:31Z,234,1E-6,NIIN,28940.95
2026-10-08T07:00:32Z,234,1E-7,NIIN,2888.36
2026-10-08T07:04:33Z,234,1E-7,niin,14.66
2026-10-08T07:08:34Z,235,1E-5,NIIN,289517.67
2026-10-08T07:12:35Z,235,1E-6,NIIN,28931.9
2026-10-08T07:16:36Z,235,1E-7,NIIN,2875.43
2026-10-08T07:20:37Z,235,1E-7,niin,21.12
2026-10-08T07:24:38Z,236,1E-5,NIIN,289518.1
2026-10-08T07:28:39Z,236,1E-6,NIIN,28956.03
2026-10-08T07:32:40Z,236,1E-7,NIIN,2880.6
2026-10-08T07:36:41Z,236,1E-7,niin,2.59
2026-10-08T07:40:41Z,237,1E-5,NIIN,289517.67
2026-10-08T07:44:43Z,237,1E-6,NIIN,28942.24
2026-10-08T07:48:44Z,237,1E-7,NIIN,2889.66
2026-10-08T07:52:44Z,237,1E-7,niin,-1.72
2026-10-08T07:56:45Z,238,1E-5,NIIN,289521.55
2026-10-08T08:00:47Z,238,1E-6,NIIN,28943.53
2026-10-08T08:04:48Z,238,1E-7,NIIN,2868.1
2026-10-08T08:08:48Z,238,1E-7,niin,2.59
2026-10-08T08:12:49Z,239,1E-5,NIIN,289539.66
2026-10-08T08:16:50Z,239,1E-6,NIIN,28923.28
2026-10-08T08:20:52Z,239,1E-7,NIIN,2872.41
2026-10-08T08:24:52Z,239,1E-7,niin,-6.47
2026-10-08T08:28:53Z,240,1E-5,NIIN,289512.07
2026-10-08T08:32:54Z,240,1E-6,NIIN,28975.0
2026-10-08T08:36:55Z,240,1E-7,NIIN,2897.84
2026-10-08T08:40:56Z,240,1E-7,niin,-5.17
2026-10-08T08:44:57Z,241,1E-5,NIIN,289505.6
2026-10-08T08:48:58Z,241,1E-6,NIIN,28942.24
2026-10-08T08:52:59Z,241,1E-7,NIIN,2897.84
2026-10-08T08:57:00Z,241,1E-7,niin,0.86
2026-10-08T09:01:01Z,242,1E-5,NIIN,289525.43
2026-10-08T09:05:02Z,242,1E-6,NIIN,28953.88
2026-10-08T09:09:03Z,242,1E-7,NIIN,2895.69
2026-10-08T09:13:04Z,242,1E-7,niin,7.76
2026-10-08T09:17:05Z,243,1E-5,NIIN,289538.36
2026-10-08T09:21:06Z,243,1E-6,NIIN,28947.41
2026-10-08T09:25:07Z,243,1E-7,NIIN,2909.05
2026-10-08T09:29:08Z,243,1E-7,niin,1.29
2026-10-08T09:33:09Z,244,1E-5,NIIN,289532.76
2026-10-08T09:37:10Z,244,1E-6,NIIN,28953.02
2026-10-08T09:41:11Z,244,1E-7,NIIN,2868.97
2026-10-08T09:45:12Z,244,1E-7,niin,9.05
2026-10-08T09:49:13Z,245,1E-5,NIIN,289514.22
2026-10-08T09:53:14Z,245,1E-6,NIIN,28963.79
2026-10-08T09:57:15Z,245,1E-7,NIIN,2894.4
2026-10-08T10:01:16Z,245,1E-7,niin,-17.24
2026-10-08T10:05:17Z,246,1E-5,NIIN,289505.6
2026-10-08T10:09:18Z,246,1E-6,NIIN,28936.64
2026-10-08T10:13:19Z,246,1E-7,NIIN,2888.79
2026-10-08T10:17:20Z,246,1E-7,niin,9.48
2026-10-08T10:21:21Z,247,1E-5,NIIN,289521.55
2026-10-08T10:25:22Z,247,1E-6,NIIN,28946.55
2026-10-08T10:29:23Z,247,1E-7,NIIN,2902.16
2026-10-08T10:33:24Z,247,1E-7,niin,-11.21
2026-10-08T10:37:25Z,248,1E-5,NIIN,289520.69
2026-10-08T10:41:26Z,248,1E-6,NIIN,28960.78
2026-10-08T10:45:27Z,248,1E-7,NIIN,2887.07
2026-10-08T10:49:28Z,248,1E-7,niin,3.45
2026-10-08T10:53:29Z,249,1E-5,NIIN,289525.86
2026-10-08T10:57:30Z,249,1E-6,NIIN,28936.21
2026-10-08T11:01:31Z,249,1E-7,NIIN,2864.66
2026-10-08T11:05:32Z,249,1E-7,niin,2.59
2026-10-08T11:09:33Z,250,1E-5,NIIN,289496.55
2026-10-08T11:13:34Z,250,1E-6,NIIN,28940.09
2026-10-08T11:17:35Z,250,1E-7,NIIN,2863.36
2026-10-08T11:21:36Z,250,1E-7,niin,9.48
2026-10-08T11:25:36Z,251,1E-5,NIIN,289496.98
2026-10-08T11:29:38Z,251,1E-6,NIIN,28951.72
2026-10-08T11:33:39Z,251,1E-7,NIIN,2889.66
2026-10-08T11:37:39Z,251,1E-7,niin,-6.9
2026-10-08T11:41:40Z,252,1E-5,NIIN,289535.34
2026-10-08T11:45:42Z,252,1E-6,NIIN,28966.38
2026-10-08T11:49:43Z,252,1E-7,NIIN,2887.5
2026-10-08T11:53:43Z,252,1E-7,niin,-3.02
2026-10-08T11:57:44Z,253,1E-5,NIIN,289509.05
2026-10-08T12:01:45Z,253,1E-6,NIIN,28944.4
2026-10-08T12:05:47Z,253,1E-7,NIIN,2902.16
2026-10-08T12:09:47Z,253,1E-7,niin,-21.98
2026-10-08T12:13:48Z,254,1E-5,NIIN,289514.22
2026-10-08T12:17:49Z,254,1E-6,NIIN,28955.6
2026-10-08T12:21:50Z,254,1E-7,NIIN,2884.05
2026-10-08T12:25:51Z,254,1E-7,niin,-6.47
2026-10-08T12:29:52Z,255,1E-5,NIIN,289505.17
2026-10-08T12:33:53Z,255,1E-6,NIIN,28956.03
2026-10-08T12:37:54Z,255,1E-7,NIIN,2910.34
2026-10-08T12:41:55Z,255,1E-7,niin,11.64
2026-10-08T12:45:56Z,256,1E-5,NIIN,289492.67
2026-10-08T12:49:57Z,256,1E-6,NIIN,28963.79
2026-10-08T12:53:58Z,256,1E-7,NIIN,2921.98
2026-10-08T12:57:59Z,256,1E-7,niin,7.33
2026-10-08T13:02:00Z,257,1E-5,NIIN,289523.28
2026-10-08T13:06:01Z,257,1E-6,NIIN,28938.36
2026-10-08T13:10:02Z,257,1E-7,NIIN,2911.64
2026-10-08T13:14:03Z,257,1E-7,niin,18.53
2026-10-08T13:18:04Z,258,1E-5,NIIN,289541.38
2026-10-08T13:22:05Z,258,1E-6,NIIN,28953.88
2026-10-08T13:26:06Z,258,1E-7,NIIN,2918.1
2026-10-08T13:30:07Z,258,1E-7,niin,-6.03
2026-10-08T13:34:08Z,259,1E-5,NIIN,289511.64
2026-10-08T13:38:09Z,259,1E-6,NIIN,28960.34
2026-10-08T13:42:10Z,259,1E-7,NIIN,2880.6
2026-10-08T13:46:11Z,259,1E-7,niin,1.72
2026-10-08T13:50:12Z,260,1E-5,NIIN,289512.07
2026-10-08T13:54:13Z,260,1E-6,NIIN,28959.48
2026-10-08T13:58:14Z,260,1E-7,NIIN,2907.76
2026-10-08T14:02:15Z,260,1E-7,niin,-9.48
2026-10-08T14:06:16Z,261,1E-5,NIIN,289482.76
2026-10-08T14:10:17Z,261,1E-6,NIIN,28970.26
2026-10-08T14:14:18Z,261,1E-7,NIIN,2883.62
2026-10-08T14:18:19Z,261,1E-7,niin,0.43
2026-10-08T14:22:20Z,262,1E-5,NIIN,289503.02
2026-10-08T14:26:21Z,262,1E-6,NIIN,28975.43
2026-10-08T14:30:22Z,262,1E-7,NIIN,2878.02
2026-10-08T14:34:23Z,262,1E-7,niin,-0.43
2026-10-08T14:38:24Z,263,1E-5,NIIN,289509.05
2026-10-08T14:42:25Z,263,1E-6,NIIN,28959.91
2026-10-08T14:46:26Z,263,1E-7,NIIN,2899.14
2026-10-08T14:50:27Z,263,1E-7,niin,9.05
2026-10-08T14:54:28Z,264,1E-5,NIIN,289505.6
2026-10-08T14:58:29Z,264,1E-6,NIIN,28953.88
2026-10-08T15:02:30Z,264,1E-7,NIIN,2887.5
2026-10-08T15:06:31Z,264,1E-7,niin,-12.5
2026-10-08T15:10:31Z,265,1E-5,NIIN,289504.31
2026-10-08T15:14:33Z,265,1E-6,NIIN,28959.91
2026-10-08T15:18:34Z,265,1E-7,NIIN,2884.48
2026-10-08T15:22:34Z,265,1E-7,niin,-8.62
2026-10-08T15:26:35Z,266,1E-5,NIIN,289509.05
2026-10-08T15:30:36Z,266,1E-6,NIIN,28953.02
2026-10-08T15:34:38Z,266,1E-7,NIIN,2899.57
2026-10-08T15:38:38Z,266,1E-7,niin,13.79
2026-10-08T15:42:39Z,267,1E-5,NIIN,289526.29
2026-10-08T15:46:40Z,267,1E-6,NIIN,28963.36
2026-10-08T15:50:42Z,267,1E-7,NIIN,2890.09
2026-10-08T15:54:42Z,267,1E-7,niin,-4.74
2026-10-08T15:58:43Z,268,1E-5,NIIN,289519.83
2026-10-08T16:02:44Z,268,1E-6,NIIN,28943.53
2026-10-08T16:06:45Z,268,1E-7,NIIN,2882.33
2026-10-08T16:10:46Z,268,1E-7,niin,25.43
2026-10-08T16:14:47Z,269,1E-5,NIIN,289501.72
2026-10-08T16:18:48Z,269,1E-6,NIIN,28963.36
2026-10-08T16:22:49Z,269,1E-7,NIIN,2887.07
2026-10-08T16:26:50Z,269,1E-7,niin,10.34
