utc,cycle,range,s_nv,tmp275_c
2026-10-04T13:02:23Z,0,1E-5,-6.03,23.6875
2026-10-04T13:06:24Z,0,1E-6,-15.09,23.8125
2026-10-04T13:10:26Z,0,1E-7,-20.69,23.875
2026-10-04T13:15:27Z,1,1E-5,4.74,23.9375
2026-10-04T13:19:28Z,1,1E-6,15.95,24.0
2026-10-04T13:23:29Z,1,1E-7,-5.17,24.0
2026-10-04T13:28:30Z,2,1E-5,2.59,24.0
2026-10-04T13:32:31Z,2,1E-6,-12.93,23.9375
2026-10-04T13:36:32Z,2,1E-7,-5.17,23.9375
2026-10-04T13:41:34Z,3,1E-5,9.48,23.9375
2026-10-04T13:45:35Z,3,1E-6,8.62,23.9375
2026-10-04T13:49:36Z,3,1E-7,-10.78,23.9375
2026-10-04T13:54:37Z,4,1E-5,7.76,23.9375
2026-10-04T13:58:38Z,4,1E-6,9.05,23.875
2026-10-04T14:02:39Z,4,1E-7,8.62,23.875
2026-10-04T14:07:40Z,5,1E-5,10.78,23.875
2026-10-04T14:11:41Z,5,1E-6,5.6,23.875
2026-10-04T14:15:43Z,5,1E-7,-4.31,23.875
2026-10-04T14:20:44Z,6,1E-5,-16.38,23.8125
2026-10-04T14:24:45Z,6,1E-6,-3.02,23.875
2026-10-04T14:28:46Z,6,1E-7,18.53,23.875
2026-10-04T14:33:47Z,7,1E-5,-7.33,23.875
2026-10-04T14:37:48Z,7,1E-6,1.29,23.875
2026-10-04T14:41:49Z,7,1E-7,-1.29,23.875
2026-10-04T14:46:51Z,8,1E-5,-10.78,23.875
2026-10-04T14:50:52Z,8,1E-6,-6.47,23.875
2026-10-04T14:54:53Z,8,1E-7,-3.88,23.875
2026-10-04T14:59:54Z,9,1E-5,18.1,23.875
2026-10-04T15:03:55Z,9,1E-6,-24.14,23.875
2026-10-04T15:07:56Z,9,1E-7,15.09,23.875
2026-10-04T15:12:57Z,10,1E-5,5.17,23.875
2026-10-04T15:16:58Z,10,1E-6,7.76,23.875
2026-10-04T15:21:00Z,10,1E-7,12.5,23.875
2026-10-04T15:26:01Z,11,1E-5,2.16,23.875
2026-10-04T15:30:02Z,11,1E-6,-4.74,23.875
2026-10-04T15:34:03Z,11,1E-7,-11.21,23.875
2026-10-04T15:39:04Z,12,1E-5,4.74,23.875
2026-10-04T15:43:05Z,12,1E-6,3.45,23.875
2026-10-04T15:47:06Z,12,1E-7,-25.86,23.875
2026-10-04T15:52:08Z,13,1E-5,12.5,23.875
2026-10-04T15:56:09Z,13,1E-6,3.02,23.875
2026-10-04T16:00:10Z,13,1E-7,7.76,23.875
2026-10-04T16:05:11Z,14,1E-5,12.93,23.875
2026-10-04T16:09:12Z,14,1E-6,9.91,23.8125
2026-10-04T16:13:13Z,14,1E-7,5.6,23.8125
2026-10-04T16:18:14Z,15,1E-5,1.72,23.8125
2026-10-04T16:22:15Z,15,1E-6,8.19,23.8125
2026-10-04T16:26:17Z,15,1E-7,6.9,23.8125
2026-10-04T16:31:18Z,16,1E-5,-6.03,23.8125
2026-10-04T16:35:19Z,16,1E-6,20.26,23.8125
2026-10-04T16:39:20Z,16,1E-7,-9.05,23.8125
2026-10-04T16:44:21Z,17,1E-5,-24.14,23.875
2026-10-04T16:48:22Z,17,1E-6,-10.34,23.875
2026-10-04T16:52:23Z,17,1E-7,16.38,23.875
2026-10-04T16:57:24Z,18,1E-5,-12.07,23.9375
2026-10-04T17:01:26Z,18,1E-6,-10.34,23.9375
2026-10-04T17:05:27Z,18,1E-7,7.33,24.0
2026-10-04T17:10:28Z,19,1E-5,0.0,24.0
2026-10-04T17:14:29Z,19,1E-6,-16.38,24.0
2026-10-04T17:18:30Z,19,1E-7,0.86,24.0
2026-10-04T17:23:31Z,20,1E-5,7.76,24.0
2026-10-04T17:27:32Z,20,1E-6,-9.48,24.0
2026-10-04T17:31:33Z,20,1E-7,5.17,24.0
2026-10-04T17:36:35Z,21,1E-5,25.0,24.0
2026-10-04T17:40:36Z,21,1E-6,7.33,24.0
2026-10-04T17:44:37Z,21,1E-7,0.86,24.0
2026-10-04T17:49:38Z,22,1E-5,-14.66,24.0
2026-10-04T17:53:39Z,22,1E-6,-12.07,24.0625
2026-10-04T17:57:40Z,22,1E-7,13.36,24.0625
2026-10-04T18:02:41Z,23,1E-5,17.24,24.0625
2026-10-04T18:06:43Z,23,1E-6,-1.72,24.0625
2026-10-04T18:10:44Z,23,1E-7,4.74,24.0625
2026-10-04T18:15:45Z,24,1E-5,-15.52,24.0625
2026-10-04T18:19:46Z,24,1E-6,28.88,24.0625
2026-10-04T18:23:47Z,24,1E-7,26.72,24.125
2026-10-04T18:28:48Z,25,1E-5,-6.03,24.125
2026-10-04T18:32:49Z,25,1E-6,0.86,24.125
2026-10-04T18:36:50Z,25,1E-7,11.21,24.125
2026-10-04T18:41:52Z,26,1E-5,-14.66,24.125
2026-10-04T18:45:53Z,26,1E-6,-11.21,24.1875
2026-10-04T18:49:54Z,26,1E-7,-9.91,24.1875
2026-10-04T18:54:55Z,27,1E-5,-14.22,24.1875
2026-10-04T18:58:56Z,27,1E-6,1.29,24.1875
2026-10-04T19:02:57Z,27,1E-7,-7.76,24.1875
2026-10-04T19:07:58Z,28,1E-5,7.76,24.1875
2026-10-04T19:11:59Z,28,1E-6,-15.95,24.25
2026-10-04T19:16:01Z,28,1E-7,14.66,24.25
2026-10-04T19:21:02Z,29,1E-5,2.59,24.25
2026-10-04T19:25:03Z,29,1E-6,11.21,24.25
2026-10-04T19:29:04Z,29,1E-7,-1.72,24.3125
2026-10-04T19:34:05Z,30,1E-5,-3.02,24.3125
2026-10-04T19:38:06Z,30,1E-6,-9.91,24.3125
2026-10-04T19:42:07Z,30,1E-7,2.59,24.375
2026-10-04T19:47:09Z,31,1E-5,-9.91,24.375
2026-10-04T19:51:10Z,31,1E-6,0.86,24.375
2026-10-04T19:55:11Z,31,1E-7,18.53,24.4375
2026-10-04T20:00:12Z,32,1E-5,16.38,24.4375
2026-10-04T20:04:13Z,32,1E-6,-25.0,24.5
2026-10-04T20:08:14Z,32,1E-7,12.07,24.5
2026-10-04T20:13:15Z,33,1E-5,15.09,24.5
2026-10-04T20:17:16Z,33,1E-6,15.52,24.5625
2026-10-04T20:21:18Z,33,1E-7,-0.43,24.5625
2026-10-04T20:26:19Z,34,1E-5,2.59,24.625
2026-10-04T20:30:20Z,34,1E-6,-9.91,24.625
2026-10-04T20:34:21Z,34,1E-7,7.33,24.6875
2026-10-04T20:39:22Z,35,1E-5,5.17,24.6875
2026-10-04T20:43:23Z,35,1E-6,7.33,24.75
2026-10-04T20:47:24Z,35,1E-7,18.1,24.75
2026-10-04T20:52:26Z,36,1E-5,6.03,24.8125
2026-10-04T20:56:27Z,36,1E-6,3.02,24.8125
2026-10-04T21:00:28Z,36,1E-7,13.79,24.8125
2026-10-04T21:05:29Z,37,1E-5,-9.05,24.875
2026-10-04T21:09:30Z,37,1E-6,-14.22,24.875
2026-10-04T21:13:31Z,37,1E-7,-6.03,24.9375
2026-10-04T21:18:32Z,38,1E-5,-34.48,24.9375
2026-10-04T21:22:33Z,38,1E-6,9.48,25.0
2026-10-04T21:26:34Z,38,1E-7,-25.86,25.0625
2026-10-04T21:31:36Z,39,1E-5,-5.6,25.125
2026-10-04T21:35:37Z,39,1E-6,-3.45,25.1875
2026-10-04T21:39:38Z,39,1E-7,9.48,25.25
2026-10-04T21:44:39Z,40,1E-5,7.33,25.3125
2026-10-04T21:48:40Z,40,1E-6,0.43,25.375
2026-10-04T21:52:41Z,40,1E-7,5.17,25.375
2026-10-04T21:57:42Z,41,1E-5,-32.76,25.4375
2026-10-04T22:01:44Z,41,1E-6,10.78,25.5
2026-10-04T22:05:45Z,41,1E-7,7.33,25.5625
2026-10-04T22:10:46Z,42,1E-5,-14.66,25.625
2026-10-04T22:14:47Z,42,1E-6,-14.66,25.6875
2026-10-04T22:18:48Z,42,1E-7,-12.5,25.75
2026-10-04T22:23:49Z,43,1E-5,-10.78,25.75
2026-10-04T22:27:50Z,43,1E-6,2.16,25.8125
2026-10-04T22:31:51Z,43,1E-7,-6.03,25.875
2026-10-04T22:36:53Z,44,1E-5,2.59,25.875
2026-10-04T22:40:54Z,44,1E-6,-10.78,25.9375
2026-10-04T22:44:55Z,44,1E-7,-2.16,25.9375
2026-10-04T22:49:56Z,45,1E-5,-12.5,26.0
2026-10-04T22:53:57Z,45,1E-6,15.52,26.0
2026-10-04T22:57:58Z,45,1E-7,-2.16,26.0625
2026-10-04T23:02:59Z,46,1E-5,14.22,26.125
2026-10-04T23:07:01Z,46,1E-6,13.79,26.125
2026-10-04T23:11:02Z,46,1E-7,16.81,26.1875
2026-10-04T23:16:03Z,47,1E-5,18.53,26.1875
2026-10-04T23:20:04Z,47,1E-6,-10.78,26.25
2026-10-04T23:24:05Z,47,1E-7,21.98,26.25
2026-10-04T23:29:06Z,48,1E-5,2.59,26.3125
2026-10-04T23:33:07Z,48,1E-6,2.16,26.375
2026-10-04T23:37:08Z,48,1E-7,-4.31,26.375
2026-10-04T23:42:10Z,49,1E-5,18.53,26.4375
2026-10-04T23:46:11Z,49,1E-6,10.34,26.4375
2026-10-04T23:50:12Z,49,1E-7,-0.43,26.5
2026-10-04T23:55:13Z,50,1E-5,-5.6,26.5
2026-10-04T23:59:14Z,50,1E-6,-13.36,26.5625
2026-10-05T00:03:15Z,50,1E-7,-7.76,26.5625
2026-10-05T00:08:16Z,51,1E-5,-8.62,26.625
2026-10-05T00:12:17Z,51,1E-6,-3.45,26.625
2026-10-05T00:16:19Z,51,1E-7,-2.16,26.6875
2026-10-05T00:21:20Z,52,1E-5,15.52,26.6875
2026-10-05T00:25:21Z,52,1E-6,-3.45,26.6875
2026-10-05T00:29:22Z,52,1E-7,5.17,26.75
2026-10-05T00:34:23Z,53,1E-5,15.95,26.75
2026-10-05T00:38:24Z,53,1E-6,18.97,26.75
2026-10-05T00:42:25Z,53,1E-7,3.02,26.75
2026-10-05T00:47:27Z,54,1E-5,-28.88,26.75
2026-10-05T00:51:28Z,54,1E-6,15.52,26.8125
2026-10-05T00:55:29Z,54,1E-7,8.62,26.8125
2026-10-05T01:00:30Z,55,1E-5,3.02,26.8125
2026-10-05T01:04:31Z,55,1E-6,-19.4,26.8125
2026-10-05T01:08:32Z,55,1E-7,-15.09,26.8125
2026-10-05T01:13:33Z,56,1E-5,-15.09,26.8125
2026-10-05T01:17:34Z,56,1E-6,16.81,26.8125
2026-10-05T01:21:36Z,56,1E-7,-0.43,26.8125
2026-10-05T01:26:37Z,57,1E-5,-6.47,26.75
2026-10-05T01:30:38Z,57,1E-6,0.86,26.75
2026-10-05T01:34:39Z,57,1E-7,-10.78,26.75
2026-10-05T01:39:40Z,58,1E-5,-2.59,26.75
2026-10-05T01:43:41Z,58,1E-6,0.0,26.75
2026-10-05T01:47:42Z,58,1E-7,-16.38,26.8125
2026-10-05T01:52:44Z,59,1E-5,-22.41,26.8125
2026-10-05T01:56:45Z,59,1E-6,-16.38,26.8125
2026-10-05T02:00:46Z,59,1E-7,5.6,26.875
2026-10-05T02:05:47Z,60,1E-5,-8.62,26.875
2026-10-05T02:09:48Z,60,1E-6,2.59,26.875
2026-10-05T02:13:49Z,60,1E-7,-2.59,26.875
2026-10-05T02:18:50Z,61,1E-5,-16.38,26.8125
2026-10-05T02:22:51Z,61,1E-6,-11.64,26.8125
2026-10-05T02:26:53Z,61,1E-7,13.79,26.8125
2026-10-05T02:31:54Z,62,1E-5,3.02,26.8125
2026-10-05T02:35:55Z,62,1E-6,-12.07,26.8125
2026-10-05T02:39:56Z,62,1E-7,3.88,26.75
2026-10-05T02:44:57Z,63,1E-5,-8.19,26.75
2026-10-05T02:48:58Z,63,1E-6,8.19,26.75
2026-10-05T02:52:59Z,63,1E-7,0.0,26.75
2026-10-05T02:58:00Z,64,1E-5,8.62,26.6875
2026-10-05T03:02:02Z,64,1E-6,-37.07,26.6875
2026-10-05T03:06:03Z,64,1E-7,-6.47,26.6875
2026-10-05T03:11:04Z,65,1E-5,7.33,26.6875
2026-10-05T03:15:05Z,65,1E-6,1.29,26.6875
2026-10-05T03:19:06Z,65,1E-7,-1.72,26.6875
2026-10-05T03:24:07Z,66,1E-5,22.84,26.6875
2026-10-05T03:28:08Z,66,1E-6,-3.88,26.6875
2026-10-05T03:32:09Z,66,1E-7,-6.03,26.75
2026-10-05T03:37:11Z,67,1E-5,-0.43,26.75
2026-10-05T03:41:12Z,67,1E-6,-9.48,26.75
2026-10-05T03:45:13Z,67,1E-7,14.66,26.75
2026-10-05T03:50:14Z,68,1E-5,7.33,26.75
2026-10-05T03:54:15Z,68,1E-6,3.02,26.75
2026-10-05T03:58:16Z,68,1E-7,-1.29,26.75
2026-10-05T04:03:17Z,69,1E-5,-4.74,26.75
2026-10-05T04:07:19Z,69,1E-6,5.17,26.75
2026-10-05T04:11:20Z,69,1E-7,11.21,26.75
2026-10-05T04:16:21Z,70,1E-5,-22.41,26.75
2026-10-05T04:20:22Z,70,1E-6,-0.43,26.75
2026-10-05T04:24:23Z,70,1E-7,13.79,26.75
2026-10-05T04:29:24Z,71,1E-5,-2.16,26.75
2026-10-05T04:33:25Z,71,1E-6,-16.38,26.75
2026-10-05T04:37:26Z,71,1E-7,6.03,26.75
2026-10-05T04:42:28Z,72,1E-5,4.74,26.6875
2026-10-05T04:46:29Z,72,1E-6,9.05,26.6875
2026-10-05T04:50:30Z,72,1E-7,18.1,26.6875
2026-10-05T04:55:31Z,73,1E-5,18.97,26.6875
2026-10-05T04:59:32Z,73,1E-6,6.9,26.6875
2026-10-05T05:03:33Z,73,1E-7,7.33,26.6875
2026-10-05T05:08:34Z,74,1E-5,-4.31,26.625
2026-10-05T05:12:36Z,74,1E-6,-18.97,26.625
2026-10-05T05:16:37Z,74,1E-7,5.17,26.625
2026-10-05T05:21:38Z,75,1E-5,-21.12,26.625
2026-10-05T05:25:39Z,75,1E-6,16.38,26.5625
2026-10-05T05:29:40Z,75,1E-7,9.05,26.5625
2026-10-05T05:34:41Z,76,1E-5,-25.86,26.5
2026-10-05T05:38:42Z,76,1E-6,15.52,26.5
2026-10-05T05:42:43Z,76,1E-7,-20.26,26.5
2026-10-05T05:47:45Z,77,1E-5,13.79,26.4375
2026-10-05T05:51:46Z,77,1E-6,9.91,26.4375
2026-10-05T05:55:47Z,77,1E-7,6.03,26.375
2026-10-05T06:00:48Z,78,1E-5,15.09,26.375
2026-10-05T06:04:49Z,78,1E-6,-7.33,26.3125
2026-10-05T06:08:50Z,78,1E-7,32.33,26.3125
2026-10-05T06:13:51Z,79,1E-5,-4.31,26.3125
2026-10-05T06:17:52Z,79,1E-6,3.45,26.25
2026-10-05T06:21:54Z,79,1E-7,25.86,26.25
2026-10-05T06:26:55Z,80,1E-5,-17.67,26.1875
2026-10-05T06:30:56Z,80,1E-6,-12.5,26.1875
2026-10-05T06:34:57Z,80,1E-7,0.86,26.125
2026-10-05T06:39:58Z,81,1E-5,-6.47,26.125
2026-10-05T06:43:59Z,81,1E-6,1.72,26.0625
2026-10-05T06:48:00Z,81,1E-7,23.28,26.0625
2026-10-05T06:53:02Z,82,1E-5,-8.62,26.0
2026-10-05T06:57:03Z,82,1E-6,16.81,26.0
2026-10-05T07:01:04Z,82,1E-7,22.41,25.9375
2026-10-05T07:06:05Z,83,1E-5,-11.64,25.9375
2026-10-05T07:10:06Z,83,1E-6,-16.38,25.9375
2026-10-05T07:14:07Z,83,1E-7,10.78,25.875
2026-10-05T07:19:08Z,84,1E-5,-3.45,25.875
2026-10-05T07:23:09Z,84,1E-6,3.88,25.8125
2026-10-05T07:27:11Z,84,1E-7,7.33,25.8125
2026-10-05T07:32:12Z,85,1E-5,23.28,25.75
2026-10-05T07:36:13Z,85,1E-6,-16.81,25.75
2026-10-05T07:40:14Z,85,1E-7,0.86,25.75
2026-10-05T07:45:15Z,86,1E-5,17.67,25.6875
2026-10-05T07:49:16Z,86,1E-6,8.62,25.6875
2026-10-05T07:53:17Z,86,1E-7,10.78,25.625
2026-10-05T07:58:19Z,87,1E-5,4.74,25.625
2026-10-05T08:02:20Z,87,1E-6,5.17,25.5625
2026-10-05T08:06:21Z,87,1E-7,-13.79,25.5625
2026-10-05T08:11:22Z,88,1E-5,-3.88,25.5625
2026-10-05T08:15:23Z,88,1E-6,-2.59,25.5
2026-10-05T08:19:24Z,88,1E-7,1.29,25.5
2026-10-05T08:24:25Z,89,1E-5,-0.43,25.4375
2026-10-05T08:28:26Z,89,1E-6,-4.31,25.4375
2026-10-05T08:32:28Z,89,1E-7,-31.9,25.375
2026-10-05T08:37:29Z,90,1E-5,6.47,25.375
2026-10-05T08:41:30Z,90,1E-6,-12.07,25.375
2026-10-05T08:45:31Z,90,1E-7,-5.17,25.3125
2026-10-05T08:50:32Z,91,1E-5,26.29,25.3125
2026-10-05T08:54:33Z,91,1E-6,6.47,25.25
2026-10-05T08:58:34Z,91,1E-7,-16.38,25.25
2026-10-05T09:03:35Z,92,1E-5,27.59,25.25
2026-10-05T09:07:37Z,92,1E-6,8.62,25.1875
2026-10-05T09:11:38Z,92,1E-7,12.5,25.1875
2026-10-05T09:16:39Z,93,1E-5,-15.52,25.125
2026-10-05T09:20:40Z,93,1E-6,-11.21,25.125
2026-10-05T09:24:41Z,93,1E-7,16.81,25.125
2026-10-05T09:29:42Z,94,1E-5,3.02,25.125
2026-10-05T09:33:43Z,94,1E-6,-7.76,25.125
2026-10-05T09:37:45Z,94,1E-7,18.1,25.125
2026-10-05T09:42:46Z,95,1E-5,-5.6,25.125
2026-10-05T09:46:47Z,95,1E-6,5.17,25.125
2026-10-05T09:50:48Z,95,1E-7,-23.71,25.125
2026-10-05T09:55:49Z,96,1E-5,-15.52,25.125
2026-10-05T09:59:50Z,96,1E-6,-8.62,25.125
2026-10-05T10:03:51Z,96,1E-7,-2.59,25.0625
2026-10-05T10:08:52Z,97,1E-5,20.26,25.0625
2026-10-05T10:12:54Z,97,1E-6,3.02,25.0
2026-10-05T10:16:55Z,97,1E-7,-24.57,25.0
2026-10-05T10:21:56Z,98,1E-5,-23.28,25.0
2026-10-05T10:25:57Z,98,1E-6,21.12,24.9375
2026-10-05T10:29:58Z,98,1E-7,23.28,24.9375
2026-10-05T10:34:59Z,99,1E-5,-11.21,24.875
2026-10-05T10:39:00Z,99,1E-6,-0.86,24.875
2026-10-05T10:43:01Z,99,1E-7,-27.16,24.875
2026-10-05T10:48:03Z,100,1E-5,-25.0,24.8125
2026-10-05T10:52:04Z,100,1E-6,-10.34,24.8125
2026-10-05T10:56:05Z,100,1E-7,-13.79,24.8125
2026-10-05T11:01:06Z,101,1E-5,22.84,24.8125
2026-10-05T11:05:07Z,101,1E-6,-15.95,24.8125
2026-10-05T11:09:08Z,101,1E-7,10.34,24.75
2026-10-05T11:14:09Z,102,1E-5,-14.66,24.8125
2026-10-05T11:18:11Z,102,1E-6,-25.0,24.8125
2026-10-05T11:22:12Z,102,1E-7,-12.5,24.8125
2026-10-05T11:27:13Z,103,1E-5,-7.33,24.8125
2026-10-05T11:31:14Z,103,1E-6,1.29,24.8125
2026-10-05T11:35:15Z,103,1E-7,19.83,24.8125
2026-10-05T11:40:16Z,104,1E-5,-3.02,24.8125
2026-10-05T11:44:17Z,104,1E-6,12.93,24.75
2026-10-05T11:48:18Z,104,1E-7,2.16,24.75
2026-10-05T11:53:20Z,105,1E-5,0.0,24.75
2026-10-05T11:57:21Z,105,1E-6,-15.09,24.6875
2026-10-05T12:01:22Z,105,1E-7,-6.47,24.6875
2026-10-05T12:06:23Z,106,1E-5,1.29,24.625
2026-10-05T12:10:24Z,106,1E-6,-20.26,24.625
2026-10-05T12:14:25Z,106,1E-7,6.03,24.625
2026-10-05T12:19:26Z,107,1E-5,2.16,24.5625
2026-10-05T12:23:28Z,107,1E-6,-13.36,24.5625
2026-10-05T12:27:29Z,107,1E-7,-0.86,24.5
2026-10-05T12:32:30Z,108,1E-5,-6.03,24.5
2026-10-05T12:36:31Z,108,1E-6,4.31,24.5
2026-10-05T12:40:32Z,108,1E-7,-18.53,24.5
2026-10-05T12:45:33Z,109,1E-5,-1.29,24.5
2026-10-05T12:49:34Z,109,1E-6,17.24,24.5625
2026-10-05T12:53:35Z,109,1E-7,-11.21,24.5625
