utc,cycle,range,pattern,mean_nv,sd_nv,samples,tmp275_c
2026-10-04T13:02:23Z,0,1E-5,N,-3424.14,104.8,58,23.6875
2026-10-04T13:03:24Z,0,1E-5,I,-3587.93,140.3,58,23.6875
2026-10-04T13:04:24Z,0,1E-5,I,-3760.34,109.1,58,23.75
2026-10-04T13:05:24Z,0,1E-5,N,-3948.28,138.0,58,23.75
2026-10-04T13:06:24Z,0,1E-6,N,-4063.79,134.7,58,23.8125
2026-10-04T13:07:25Z,0,1E-6,I,-4098.28,131.8,58,23.8125
2026-10-04T13:08:25Z,0,1E-6,I,-4127.59,134.8,58,23.8125
2026-10-04T13:09:25Z,0,1E-6,N,-4222.41,124.3,58,23.875
2026-10-04T13:10:26Z,0,1E-7,N,-4325.86,142.1,58,23.875
2026-10-04T13:11:26Z,0,1E-7,I,-4358.62,129.8,58,23.875
2026-10-04T13:12:26Z,0,1E-7,I,-4453.45,121.7,58,23.9375
2026-10-04T13:13:26Z,0,1E-7,N,-4568.97,107.9,58,23.9375
2026-10-04T13:14:26Z,0,1E-7,Z,-4568.97,118.8,58,23.9375
2026-10-04T13:15:27Z,1,1E-5,N,-4512.07,101.0,58,23.9375
2026-10-04T13:16:27Z,1,1E-5,I,-4543.1,123.0,58,23.9375
2026-10-04T13:17:27Z,1,1E-5,I,-4531.03,134.0,58,23.9375
2026-10-04T13:18:27Z,1,1E-5,N,-4543.1,123.0,58,24.0
2026-10-04T13:19:28Z,1,1E-6,N,-4562.07,124.0,58,24.0
2026-10-04T13:20:28Z,1,1E-6,I,-4598.28,98.2,58,24.0
2026-10-04T13:21:28Z,1,1E-6,I,-4629.31,106.0,58,24.0
2026-10-04T13:22:29Z,1,1E-6,N,-4601.72,124.9,58,24.0
2026-10-04T13:23:29Z,1,1E-7,N,-4593.1,126.9,58,24.0
2026-10-04T13:24:29Z,1,1E-7,I,-4594.83,119.1,58,24.0
2026-10-04T13:25:29Z,1,1E-7,I,-4598.28,98.2,58,24.0
2026-10-04T13:26:30Z,1,1E-7,N,-4620.69,138.6,58,24.0
2026-10-04T13:27:30Z,1,1E-7,Z,-4618.97,116.2,58,24.0
2026-10-04T13:28:30Z,2,1E-5,N,-4639.66,133.7,58,24.0
2026-10-04T13:29:30Z,2,1E-5,I,-4596.55,118.4,58,23.9375
2026-10-04T13:30:30Z,2,1E-5,I,-4584.48,128.1,58,23.9375
2026-10-04T13:31:31Z,2,1E-5,N,-4531.03,115.8,58,23.9375
2026-10-04T13:32:31Z,2,1E-6,N,-4513.79,120.6,58,23.9375
2026-10-04T13:33:32Z,2,1E-6,I,-4493.1,122.6,58,23.9375
2026-10-04T13:34:32Z,2,1E-6,I,-4550.0,130.1,58,23.9375
2026-10-04T13:35:32Z,2,1E-6,N,-4581.03,127.7,58,23.9375
2026-10-04T13:36:32Z,2,1E-7,N,-4593.1,104.1,58,23.9375
2026-10-04T13:37:33Z,2,1E-7,I,-4591.38,140.5,58,23.9375
2026-10-04T13:38:33Z,2,1E-7,I,-4568.97,132.7,58,23.9375
2026-10-04T13:39:33Z,2,1E-7,N,-4587.93,118.6,58,23.9375
2026-10-04T13:40:33Z,2,1E-7,Z,-4575.86,131.5,58,23.9375
2026-10-04T13:41:34Z,3,1E-5,N,-4582.76,130.0,58,23.9375
2026-10-04T13:42:34Z,3,1E-5,I,-4579.31,123.9,58,23.9375
2026-10-04T13:43:34Z,3,1E-5,I,-4634.48,123.6,58,23.9375
2026-10-04T13:44:34Z,3,1E-5,N,-4593.1,121.2,58,23.9375
2026-10-04T13:45:35Z,3,1E-6,N,-4563.79,115.0,58,23.9375
2026-10-04T13:46:35Z,3,1E-6,I,-4579.31,132.1,58,23.9375
2026-10-04T13:47:35Z,3,1E-6,I,-4539.66,132.4,58,23.9375
2026-10-04T13:48:35Z,3,1E-6,N,-4520.69,123.9,58,23.9375
2026-10-04T13:49:36Z,3,1E-7,N,-4622.41,127.1,58,23.9375
2026-10-04T13:50:36Z,3,1E-7,I,-4584.48,116.7,58,23.9375
2026-10-04T13:51:36Z,3,1E-7,I,-4577.59,131.2,58,23.9375
2026-10-04T13:52:36Z,3,1E-7,N,-4582.76,114.2,58,23.9375
2026-10-04T13:53:37Z,3,1E-7,Z,-4563.79,103.8,58,23.9375
2026-10-04T13:54:37Z,4,1E-5,N,-4546.55,120.3,58,23.9375
2026-10-04T13:55:37Z,4,1E-5,I,-4567.24,126.2,58,23.9375
2026-10-04T13:56:37Z,4,1E-5,I,-4537.93,144.9,58,23.875
2026-10-04T13:57:38Z,4,1E-5,N,-4527.59,134.8,58,23.875
2026-10-04T13:58:38Z,4,1E-6,N,-4515.52,112.1,58,23.875
2026-10-04T13:59:38Z,4,1E-6,I,-4534.48,110.1,58,23.875
2026-10-04T14:00:38Z,4,1E-6,I,-4581.03,122.1,58,23.875
2026-10-04T14:01:39Z,4,1E-6,N,-4563.79,107.1,58,23.875
2026-10-04T14:02:39Z,4,1E-7,N,-4546.55,127.3,58,23.875
2026-10-04T14:03:39Z,4,1E-7,I,-4539.66,136.3,58,23.875
2026-10-04T14:04:40Z,4,1E-7,I,-4541.38,122.9,58,23.875
2026-10-04T14:05:40Z,4,1E-7,N,-4500.0,119.9,58,23.875
2026-10-04T14:06:40Z,4,1E-7,Z,-4475.86,115.9,58,23.875
2026-10-04T14:07:40Z,5,1E-5,N,-4455.17,121.6,58,23.875
2026-10-04T14:08:41Z,5,1E-5,I,-4527.59,124.0,58,23.875
2026-10-04T14:09:41Z,5,1E-5,I,-4505.17,98.1,58,23.875
2026-10-04T14:10:41Z,5,1E-5,N,-4534.48,125.0,58,23.875
2026-10-04T14:11:41Z,5,1E-6,N,-4534.48,133.2,58,23.875
2026-10-04T14:12:42Z,5,1E-6,I,-4506.9,134.9,58,23.875
2026-10-04T14:13:42Z,5,1E-6,I,-4591.38,120.4,58,23.875
2026-10-04T14:14:42Z,5,1E-6,N,-4541.38,106.0,58,23.875
2026-10-04T14:15:43Z,5,1E-7,N,-4546.55,150.1,58,23.875
2026-10-04T14:16:43Z,5,1E-7,I,-4558.62,139.0,58,23.875
2026-10-04T14:17:43Z,5,1E-7,I,-4570.69,140.2,58,23.875
2026-10-04T14:18:43Z,5,1E-7,N,-4600.0,117.0,58,23.875
2026-10-04T14:19:43Z,5,1E-7,Z,-4556.9,120.1,58,23.8125
2026-10-04T14:20:44Z,6,1E-5,N,-4539.66,127.0,58,23.8125
2026-10-04T14:21:44Z,6,1E-5,I,-4510.34,132.0,58,23.875
2026-10-04T14:22:44Z,6,1E-5,I,-4482.76,141.6,58,23.875
2026-10-04T14:23:44Z,6,1E-5,N,-4518.97,122.1,58,23.875
2026-10-04T14:24:45Z,6,1E-6,N,-4543.1,123.0,58,23.875
2026-10-04T14:25:45Z,6,1E-6,I,-4591.38,111.3,58,23.875
2026-10-04T14:26:45Z,6,1E-6,I,-4567.24,98.0,58,23.875
2026-10-04T14:27:46Z,6,1E-6,N,-4627.59,126.8,58,23.875
2026-10-04T14:28:46Z,6,1E-7,N,-4615.52,139.9,58,23.875
2026-10-04T14:29:46Z,6,1E-7,I,-4613.79,109.9,58,23.875
2026-10-04T14:30:46Z,6,1E-7,I,-4612.07,104.4,58,23.875
2026-10-04T14:31:47Z,6,1E-7,N,-4536.21,134.7,58,23.875
2026-10-04T14:32:47Z,6,1E-7,Z,-4603.45,112.3,58,23.875
2026-10-04T14:33:47Z,7,1E-5,N,-4582.76,140.3,58,23.875
2026-10-04T14:34:47Z,7,1E-5,I,-4575.86,131.5,58,23.875
2026-10-04T14:35:48Z,7,1E-5,I,-4574.14,133.2,58,23.875
2026-10-04T14:36:48Z,7,1E-5,N,-4596.55,110.8,58,23.875
2026-10-04T14:37:48Z,7,1E-6,N,-4539.66,100.8,58,23.875
2026-10-04T14:38:49Z,7,1E-6,I,-4572.41,124.0,58,23.875
2026-10-04T14:39:49Z,7,1E-6,I,-4543.1,114.1,58,23.875
2026-10-04T14:40:49Z,7,1E-6,N,-4570.69,100.9,58,23.875
2026-10-04T14:41:49Z,7,1E-7,N,-4506.9,140.0,58,23.875
2026-10-04T14:42:50Z,7,1E-7,I,-4510.34,122.4,58,23.875
2026-10-04T14:43:50Z,7,1E-7,I,-4512.07,122.9,58,23.875
2026-10-04T14:44:50Z,7,1E-7,N,-4520.69,141.1,58,23.875
2026-10-04T14:45:50Z,7,1E-7,Z,-4515.52,110.5,58,23.875
2026-10-04T14:46:51Z,8,1E-5,N,-4541.38,122.9,58,23.875
2026-10-04T14:47:51Z,8,1E-5,I,-4518.97,122.1,58,23.875
2026-10-04T14:48:51Z,8,1E-5,I,-4543.1,114.1,58,23.875
2026-10-04T14:49:51Z,8,1E-5,N,-4563.79,111.9,58,23.875
2026-10-04T14:50:52Z,8,1E-6,N,-4553.45,101.2,58,23.875
2026-10-04T14:51:52Z,8,1E-6,I,-4582.76,120.1,58,23.875
2026-10-04T14:52:52Z,8,1E-6,I,-4500.0,119.9,58,23.875
2026-10-04T14:53:52Z,8,1E-6,N,-4555.17,107.9,58,23.875
2026-10-04T14:54:53Z,8,1E-7,N,-4593.1,141.3,58,23.875
2026-10-04T14:55:53Z,8,1E-7,I,-4570.69,129.8,58,23.875
2026-10-04T14:56:53Z,8,1E-7,I,-4546.55,140.4,58,23.875
2026-10-04T14:57:53Z,8,1E-7,N,-4539.66,113.8,58,23.875
2026-10-04T14:58:54Z,8,1E-7,Z,-4582.76,117.2,58,23.875
2026-10-04T14:59:54Z,9,1E-5,N,-4560.34,121.3,58,23.875
2026-10-04T15:00:54Z,9,1E-5,I,-4582.76,118.7,58,23.875
2026-10-04T15:01:54Z,9,1E-5,I,-4600.0,122.8,58,23.875
2026-10-04T15:02:55Z,9,1E-5,N,-4550.0,114.3,58,23.875
2026-10-04T15:03:55Z,9,1E-6,N,-4555.17,112.7,58,23.875
2026-10-04T15:04:55Z,9,1E-6,I,-4506.9,119.7,58,23.875
2026-10-04T15:05:55Z,9,1E-6,I,-4458.62,118.5,58,23.875
2026-10-04T15:06:56Z,9,1E-6,N,-4506.9,134.9,58,23.875
2026-10-04T15:07:56Z,9,1E-7,N,-4529.31,117.0,58,23.875
2026-10-04T15:08:56Z,9,1E-7,I,-4582.76,114.2,58,23.875
2026-10-04T15:09:57Z,9,1E-7,I,-4510.34,113.5,58,23.875
2026-10-04T15:10:57Z,9,1E-7,N,-4503.45,119.9,58,23.875
2026-10-04T15:11:57Z,9,1E-7,Z,-4512.07,127.2,58,23.875
2026-10-04T15:12:57Z,10,1E-5,N,-4515.52,118.2,58,23.875
2026-10-04T15:13:58Z,10,1E-5,I,-4575.86,118.9,58,23.875
2026-10-04T15:14:58Z,10,1E-5,I,-4503.45,102.5,58,23.875
2026-10-04T15:15:58Z,10,1E-5,N,-4543.1,109.4,58,23.875
2026-10-04T15:16:58Z,10,1E-6,N,-4544.83,130.0,58,23.875
2026-10-04T15:17:59Z,10,1E-6,I,-4534.48,119.3,58,23.875
2026-10-04T15:18:59Z,10,1E-6,I,-4541.38,127.1,58,23.875
2026-10-04T15:19:59Z,10,1E-6,N,-4500.0,118.5,58,23.875
2026-10-04T15:21:00Z,10,1E-7,N,-4479.31,119.6,58,23.875
2026-10-04T15:22:00Z,10,1E-7,I,-4560.34,129.7,58,23.875
2026-10-04T15:23:00Z,10,1E-7,I,-4534.48,130.5,58,23.875
2026-10-04T15:24:00Z,10,1E-7,N,-4565.52,111.7,58,23.875
2026-10-04T15:25:00Z,10,1E-7,Z,-4567.24,122.0,58,23.875
2026-10-04T15:26:01Z,11,1E-5,N,-4532.76,119.0,58,23.875
2026-10-04T15:27:01Z,11,1E-5,I,-4541.38,128.5,58,23.875
2026-10-04T15:28:01Z,11,1E-5,I,-4555.17,115.7,58,23.875
2026-10-04T15:29:01Z,11,1E-5,N,-4555.17,135.3,58,23.875
2026-10-04T15:30:02Z,11,1E-6,N,-4531.03,120.2,58,23.875
2026-10-04T15:31:02Z,11,1E-6,I,-4493.1,125.5,58,23.875
2026-10-04T15:32:02Z,11,1E-6,I,-4508.62,121.8,58,23.875
2026-10-04T15:33:03Z,11,1E-6,N,-4489.66,120.9,58,23.875
2026-10-04T15:34:03Z,11,1E-7,N,-4574.14,127.8,58,23.875
2026-10-04T15:35:03Z,11,1E-7,I,-4541.38,107.7,58,23.875
2026-10-04T15:36:03Z,11,1E-7,I,-4527.59,128.1,58,23.875
2026-10-04T15:37:04Z,11,1E-7,N,-4539.66,125.6,58,23.875
2026-10-04T15:38:04Z,11,1E-7,Z,-4541.38,120.0,58,23.875
2026-10-04T15:39:04Z,12,1E-5,N,-4544.83,124.5,58,23.875
2026-10-04T15:40:04Z,12,1E-5,I,-4565.52,135.8,58,23.875
2026-10-04T15:41:04Z,12,1E-5,I,-4558.62,102.7,58,23.875
2026-10-04T15:42:05Z,12,1E-5,N,-4560.34,132.4,58,23.875
2026-10-04T15:43:05Z,12,1E-6,N,-4539.66,133.7,58,23.875
2026-10-04T15:44:06Z,12,1E-6,I,-4534.48,130.5,58,23.875
2026-10-04T15:45:06Z,12,1E-6,I,-4568.97,97.7,58,23.875
2026-10-04T15:46:06Z,12,1E-6,N,-4550.0,146.6,58,23.875
2026-10-04T15:47:06Z,12,1E-7,N,-4567.24,131.6,58,23.875
2026-10-04T15:48:07Z,12,1E-7,I,-4537.93,129.5,58,23.875
2026-10-04T15:49:07Z,12,1E-7,I,-4448.28,115.8,58,23.875
2026-10-04T15:50:07Z,12,1E-7,N,-4522.41,140.2,58,23.875
2026-10-04T15:51:07Z,12,1E-7,Z,-4494.83,86.7,58,23.875
2026-10-04T15:52:08Z,13,1E-5,N,-4493.1,122.6,58,23.875
2026-10-04T15:53:08Z,13,1E-5,I,-4555.17,117.2,58,23.875
2026-10-04T15:54:08Z,13,1E-5,I,-4493.1,129.6,58,23.875
2026-10-04T15:55:08Z,13,1E-5,N,-4505.17,135.6,58,23.875
2026-10-04T15:56:09Z,13,1E-6,N,-4503.45,124.2,58,23.875
2026-10-04T15:57:09Z,13,1E-6,I,-4522.41,115.5,58,23.875
2026-10-04T15:58:09Z,13,1E-6,I,-4494.83,117.6,58,23.875
2026-10-04T15:59:09Z,13,1E-6,N,-4501.72,134.4,58,23.875
2026-10-04T16:00:10Z,13,1E-7,N,-4529.31,114.0,58,23.875
2026-10-04T16:01:10Z,13,1E-7,I,-4544.83,148.9,58,23.875
2026-10-04T16:02:10Z,13,1E-7,I,-4520.69,136.1,58,23.875
2026-10-04T16:03:10Z,13,1E-7,N,-4505.17,129.0,58,23.875
2026-10-04T16:04:11Z,13,1E-7,Z,-4531.03,104.6,58,23.875
2026-10-04T16:05:11Z,14,1E-5,N,-4513.79,114.6,58,23.875
2026-10-04T16:06:11Z,14,1E-5,I,-4556.9,124.4,58,23.875
2026-10-04T16:07:11Z,14,1E-5,I,-4512.07,136.5,58,23.8125
2026-10-04T16:08:12Z,14,1E-5,N,-4503.45,110.8,58,23.875
2026-10-04T16:09:12Z,14,1E-6,N,-4500.0,100.9,58,23.8125
2026-10-04T16:10:12Z,14,1E-6,I,-4555.17,117.2,58,23.8125
2026-10-04T16:11:12Z,14,1E-6,I,-4536.21,102.1,58,23.8125
2026-10-04T16:12:13Z,14,1E-6,N,-4551.72,117.3,58,23.8125
2026-10-04T16:13:13Z,14,1E-7,N,-4503.45,131.1,58,23.8125
2026-10-04T16:14:13Z,14,1E-7,I,-4524.14,139.3,58,23.8125
2026-10-04T16:15:13Z,14,1E-7,I,-4482.76,127.2,58,23.8125
2026-10-04T16:16:14Z,14,1E-7,N,-4481.03,120.6,58,23.8125
2026-10-04T16:17:14Z,14,1E-7,Z,-4522.41,115.5,58,23.8125
2026-10-04T16:18:14Z,15,1E-5,N,-4541.38,132.5,58,23.8125
2026-10-04T16:19:15Z,15,1E-5,I,-4524.14,124.7,58,23.8125
2026-10-04T16:20:15Z,15,1E-5,I,-4513.79,113.1,58,23.8125
2026-10-04T16:21:15Z,15,1E-5,N,-4489.66,120.9,58,23.8125
2026-10-04T16:22:15Z,15,1E-6,N,-4475.86,120.4,58,23.8125
2026-10-04T16:23:16Z,15,1E-6,I,-4512.07,107.7,58,23.8125
2026-10-04T16:24:16Z,15,1E-6,I,-4532.76,104.9,58,23.8125
2026-10-04T16:25:16Z,15,1E-6,N,-4536.21,147.1,58,23.8125
2026-10-04T16:26:17Z,15,1E-7,N,-4532.76,109.8,58,23.8125
2026-10-04T16:27:17Z,15,1E-7,I,-4508.62,127.4,58,23.8125
2026-10-04T16:28:17Z,15,1E-7,I,-4510.34,134.7,58,23.8125
2026-10-04T16:29:17Z,15,1E-7,N,-4458.62,107.7,58,23.8125
2026-10-04T16:30:17Z,15,1E-7,Z,-4498.28,110.0,58,23.8125
2026-10-04T16:31:18Z,16,1E-5,N,-4453.45,117.3,58,23.8125
2026-10-04T16:32:18Z,16,1E-5,I,-4496.55,104.2,58,23.8125
2026-10-04T16:33:18Z,16,1E-5,I,-4472.41,122.5,58,23.8125
2026-10-04T16:34:18Z,16,1E-5,N,-4539.66,112.3,58,23.8125
2026-10-04T16:35:19Z,16,1E-6,N,-4517.24,112.6,58,23.8125
2026-10-04T16:36:19Z,16,1E-6,I,-4582.76,142.8,58,23.8125
2026-10-04T16:37:19Z,16,1E-6,I,-4551.72,114.3,58,23.8125
2026-10-04T16:38:20Z,16,1E-6,N,-4536.21,111.9,58,23.8125
2026-10-04T16:39:20Z,16,1E-7,N,-4548.28,126.0,58,23.8125
2026-10-04T16:40:20Z,16,1E-7,I,-4562.07,121.1,58,23.875
2026-10-04T16:41:20Z,16,1E-7,I,-4525.86,126.4,58,23.875
2026-10-04T16:42:21Z,16,1E-7,N,-4575.86,114.4,58,23.875
2026-10-04T16:43:21Z,16,1E-7,Z,-4508.62,126.1,58,23.875
2026-10-04T16:44:21Z,17,1E-5,N,-4553.45,137.9,58,23.875
2026-10-04T16:45:21Z,17,1E-5,I,-4518.97,111.5,58,23.875
2026-10-04T16:46:21Z,17,1E-5,I,-4482.76,112.6,58,23.875
2026-10-04T16:47:22Z,17,1E-5,N,-4544.83,117.2,58,23.875
2026-10-04T16:48:22Z,17,1E-6,N,-4551.72,132.8,58,23.875
2026-10-04T16:49:23Z,17,1E-6,I,-4512.07,115.6,58,23.875
2026-10-04T16:50:23Z,17,1E-6,I,-4544.83,128.7,58,23.875
2026-10-04T16:51:23Z,17,1E-6,N,-4546.55,109.6,58,23.875
2026-10-04T16:52:23Z,17,1E-7,N,-4582.76,115.7,58,23.875
2026-10-04T16:53:24Z,17,1E-7,I,-4600.0,137.6,58,23.9375
2026-10-04T16:54:24Z,17,1E-7,I,-4615.52,119.7,58,23.9375
2026-10-04T16:55:24Z,17,1E-7,N,-4567.24,123.4,58,23.9375
2026-10-04T16:56:24Z,17,1E-7,Z,-4579.31,122.5,58,23.9375
2026-10-04T16:57:24Z,18,1E-5,N,-4591.38,124.7,58,23.9375
2026-10-04T16:58:25Z,18,1E-5,I,-4555.17,118.7,58,23.9375
2026-10-04T16:59:25Z,18,1E-5,I,-4593.1,126.9,58,23.9375
2026-10-04T17:00:25Z,18,1E-5,N,-4605.17,122.0,58,23.9375
2026-10-04T17:01:26Z,18,1E-6,N,-4610.34,129.4,58,23.9375
2026-10-04T17:02:26Z,18,1E-6,I,-4605.17,136.9,58,23.9375
2026-10-04T17:03:26Z,18,1E-6,I,-4603.45,129.7,58,23.9375
2026-10-04T17:04:26Z,18,1E-6,N,-4639.66,115.4,58,24.0
2026-10-04T17:05:27Z,18,1E-7,N,-4634.48,119.3,58,24.0
2026-10-04T17:06:27Z,18,1E-7,I,-4615.52,136.1,58,24.0
2026-10-04T17:07:27Z,18,1E-7,I,-4620.69,115.1,58,24.0
2026-10-04T17:08:27Z,18,1E-7,N,-4572.41,147.2,58,24.0
2026-10-04T17:09:28Z,18,1E-7,Z,-4632.76,138.1,58,24.0
2026-10-04T17:10:28Z,19,1E-5,N,-4603.45,137.6,58,24.0
2026-10-04T17:11:28Z,19,1E-5,I,-4586.21,126.3,58,24.0
2026-10-04T17:12:28Z,19,1E-5,I,-4563.79,115.0,58,24.0
2026-10-04T17:13:29Z,19,1E-5,N,-4546.55,95.9,58,24.0
2026-10-04T17:14:29Z,19,1E-6,N,-4560.34,127.0,58,24.0
2026-10-04T17:15:29Z,19,1E-6,I,-4539.66,95.4,58,24.0
2026-10-04T17:16:29Z,19,1E-6,I,-4553.45,128.7,58,24.0
2026-10-04T17:17:30Z,19,1E-6,N,-4598.28,116.2,58,24.0
2026-10-04T17:18:30Z,19,1E-7,N,-4606.9,126.9,58,24.0
2026-10-04T17:19:30Z,19,1E-7,I,-4605.17,113.0,58,24.0
2026-10-04T17:20:30Z,19,1E-7,I,-4632.76,124.8,58,24.0
2026-10-04T17:21:31Z,19,1E-7,N,-4627.59,119.6,58,24.0
2026-10-04T17:22:31Z,19,1E-7,Z,-4627.59,129.5,58,24.0
2026-10-04T17:23:31Z,20,1E-5,N,-4563.79,115.0,58,24.0
2026-10-04T17:24:32Z,20,1E-5,I,-4596.55,124.2,58,24.0
2026-10-04T17:25:32Z,20,1E-5,I,-4598.28,144.5,58,24.0
2026-10-04T17:26:32Z,20,1E-5,N,-4600.0,102.6,58,24.0
2026-10-04T17:27:32Z,20,1E-6,N,-4636.21,137.3,58,24.0
2026-10-04T17:28:33Z,20,1E-6,I,-4668.97,134.0,58,24.0
2026-10-04T17:29:33Z,20,1E-6,I,-4624.14,136.8,58,24.0
2026-10-04T17:30:33Z,20,1E-6,N,-4694.83,113.0,58,24.0
2026-10-04T17:31:33Z,20,1E-7,N,-4634.48,111.7,58,24.0
2026-10-04T17:32:34Z,20,1E-7,I,-4691.38,101.4,58,24.0
2026-10-04T17:33:34Z,20,1E-7,I,-4591.38,127.4,58,24.0
2026-10-04T17:34:34Z,20,1E-7,N,-4627.59,122.5,58,24.0
2026-10-04T17:35:34Z,20,1E-7,Z,-4600.0,149.9,58,24.0
2026-10-04T17:36:35Z,21,1E-5,N,-4612.07,117.1,58,24.0
2026-10-04T17:37:35Z,21,1E-5,I,-4698.28,124.9,58,24.0
2026-10-04T17:38:35Z,21,1E-5,I,-4653.45,117.3,58,24.0
2026-10-04T17:39:35Z,21,1E-5,N,-4639.66,109.1,58,24.0
2026-10-04T17:40:36Z,21,1E-6,N,-4618.97,129.0,58,24.0
2026-10-04T17:41:36Z,21,1E-6,I,-4644.83,114.2,58,24.0
2026-10-04T17:42:36Z,21,1E-6,I,-4610.34,120.9,58,24.0
2026-10-04T17:43:36Z,21,1E-6,N,-4606.9,115.3,58,24.0
2026-10-04T17:44:37Z,21,1E-7,N,-4575.86,136.8,58,24.0
2026-10-04T17:45:37Z,21,1E-7,I,-4584.48,124.0,58,24.0
2026-10-04T17:46:37Z,21,1E-7,I,-4600.0,110.8,58,24.0
2026-10-04T17:47:38Z,21,1E-7,N,-4605.17,120.6,58,24.0
2026-10-04T17:48:38Z,21,1E-7,Z,-4627.59,126.8,58,24.0
2026-10-04T17:49:38Z,22,1E-5,N,-4636.21,126.6,58,24.0
2026-10-04T17:50:38Z,22,1E-5,I,-4615.52,137.4,58,24.0625
2026-10-04T17:51:38Z,22,1E-5,I,-4612.07,142.8,58,24.0625
2026-10-04T17:52:39Z,22,1E-5,N,-4650.0,126.0,58,24.0625
2026-10-04T17:53:39Z,22,1E-6,N,-4646.55,115.8,58,24.0625
2026-10-04T17:54:39Z,22,1E-6,I,-4598.28,114.7,58,24.0625
2026-10-04T17:55:39Z,22,1E-6,I,-4615.52,98.8,58,24.0625
2026-10-04T17:56:40Z,22,1E-6,N,-4615.52,121.1,58,24.0625
2026-10-04T17:57:40Z,22,1E-7,N,-4610.34,122.4,58,24.0625
2026-10-04T17:58:41Z,22,1E-7,I,-4631.03,123.1,58,24.0625
2026-10-04T17:59:41Z,22,1E-7,I,-4627.59,124.0,58,24.0625
2026-10-04T18:00:41Z,22,1E-7,N,-4594.83,120.6,58,24.0625
2026-10-04T18:01:41Z,22,1E-7,Z,-4613.79,127.7,58,24.0625
2026-10-04T18:02:41Z,23,1E-5,N,-4584.48,121.1,58,24.0625
2026-10-04T18:03:42Z,23,1E-5,I,-4646.55,118.8,58,24.0625
2026-10-04T18:04:42Z,23,1E-5,I,-4648.28,132.8,58,24.0625
2026-10-04T18:05:42Z,23,1E-5,N,-4641.38,125.7,58,24.0625
2026-10-04T18:06:43Z,23,1E-6,N,-4613.79,129.0,58,24.0625
2026-10-04T18:07:43Z,23,1E-6,I,-4584.48,126.8,58,24.0625
2026-10-04T18:08:43Z,23,1E-6,I,-4651.72,117.3,58,24.0625
2026-10-04T18:09:43Z,23,1E-6,N,-4629.31,137.7,58,24.0625
2026-10-04T18:10:44Z,23,1E-7,N,-4627.59,118.2,58,24.0625
2026-10-04T18:11:44Z,23,1E-7,I,-4639.66,132.4,58,24.0625
2026-10-04T18:12:44Z,23,1E-7,I,-4629.31,115.5,58,24.0625
2026-10-04T18:13:44Z,23,1E-7,N,-4622.41,127.1,58,24.0625
2026-10-04T18:14:45Z,23,1E-7,Z,-4622.41,127.1,58,24.0625
2026-10-04T18:15:45Z,24,1E-5,N,-4600.0,112.4,58,24.0625
2026-10-04T18:16:45Z,24,1E-5,I,-4568.97,117.3,58,24.0625
2026-10-04T18:17:45Z,24,1E-5,I,-4582.76,136.5,58,24.0625
2026-10-04T18:18:46Z,24,1E-5,N,-4613.79,117.6,58,24.0625
2026-10-04T18:19:46Z,24,1E-6,N,-4613.79,117.6,58,24.0625
2026-10-04T18:20:46Z,24,1E-6,I,-4679.31,119.6,58,24.0625
2026-10-04T18:21:46Z,24,1E-6,I,-4667.24,116.1,58,24.125
2026-10-04T18:22:47Z,24,1E-6,N,-4617.24,145.3,58,24.125
2026-10-04T18:23:47Z,24,1E-7,N,-4615.52,119.7,58,24.125
2026-10-04T18:24:47Z,24,1E-7,I,-4703.45,95.5,58,24.125
2026-10-04T18:25:47Z,24,1E-7,I,-4603.45,135.0,58,24.125
2026-10-04T18:26:48Z,24,1E-7,N,-4584.48,124.0,58,24.125
2026-10-04T18:27:48Z,24,1E-7,Z,-4663.79,122.4,58,24.125
2026-10-04T18:28:48Z,25,1E-5,N,-4667.24,122.0,58,24.125
2026-10-04T18:29:49Z,25,1E-5,I,-4656.9,109.4,58,24.125
2026-10-04T18:30:49Z,25,1E-5,I,-4665.52,108.5,58,24.125
2026-10-04T18:31:49Z,25,1E-5,N,-4679.31,107.2,58,24.125
2026-10-04T18:32:49Z,25,1E-6,N,-4686.21,101.7,58,24.125
2026-10-04T18:33:50Z,25,1E-6,I,-4686.21,113.1,58,24.125
2026-10-04T18:34:50Z,25,1E-6,I,-4679.31,119.6,58,24.125
2026-10-04T18:35:50Z,25,1E-6,N,-4675.86,109.7,58,24.125
2026-10-04T18:36:50Z,25,1E-7,N,-4651.72,128.7,58,24.125
2026-10-04T18:37:51Z,25,1E-7,I,-4663.79,123.8,58,24.125
2026-10-04T18:38:51Z,25,1E-7,I,-4710.34,120.9,58,24.125
2026-10-04T18:39:51Z,25,1E-7,N,-4677.59,121.5,58,24.125
2026-10-04T18:40:51Z,25,1E-7,Z,-4708.62,135.4,58,24.1875
2026-10-04T18:41:52Z,26,1E-5,N,-4712.07,131.2,58,24.125
2026-10-04T18:42:52Z,26,1E-5,I,-4675.86,167.9,58,24.1875
2026-10-04T18:43:52Z,26,1E-5,I,-4687.93,132.6,58,24.1875
2026-10-04T18:44:52Z,26,1E-5,N,-4710.34,110.3,58,24.1875
2026-10-04T18:45:53Z,26,1E-6,N,-4693.1,134.9,58,24.1875
2026-10-04T18:46:53Z,26,1E-6,I,-4663.79,119.5,58,24.1875
2026-10-04T18:47:53Z,26,1E-6,I,-4660.34,122.7,58,24.1875
2026-10-04T18:48:53Z,26,1E-6,N,-4675.86,126.1,58,24.1875
2026-10-04T18:49:54Z,26,1E-7,N,-4677.59,115.5,58,24.1875
2026-10-04T18:50:54Z,26,1E-7,I,-4682.76,111.0,58,24.1875
2026-10-04T18:51:54Z,26,1E-7,I,-4648.28,134.1,58,24.1875
2026-10-04T18:52:55Z,26,1E-7,N,-4693.1,149.7,58,24.1875
2026-10-04T18:53:55Z,26,1E-7,Z,-4741.38,132.5,58,24.1875
2026-10-04T18:54:55Z,27,1E-5,N,-4710.34,116.5,58,24.1875
2026-10-04T18:55:55Z,27,1E-5,I,-4694.83,131.7,58,24.1875
2026-10-04T18:56:55Z,27,1E-5,I,-4700.0,133.8,58,24.1875
2026-10-04T18:57:56Z,27,1E-5,N,-4741.38,122.9,58,24.1875
2026-10-04T18:58:56Z,27,1E-6,N,-4689.66,129.4,58,24.1875
2026-10-04T18:59:56Z,27,1E-6,I,-4706.9,124.1,58,24.1875
2026-10-04T19:00:56Z,27,1E-6,I,-4682.76,117.2,58,24.1875
2026-10-04T19:01:57Z,27,1E-6,N,-4694.83,120.6,58,24.1875
2026-10-04T19:02:57Z,27,1E-7,N,-4739.66,137.6,58,24.1875
2026-10-04T19:03:58Z,27,1E-7,I,-4698.28,139.5,58,24.1875
2026-10-04T19:04:58Z,27,1E-7,I,-4705.17,111.5,58,24.1875
2026-10-04T19:05:58Z,27,1E-7,N,-4694.83,119.1,58,24.1875
2026-10-04T19:06:58Z,27,1E-7,Z,-4655.17,124.5,58,24.1875
2026-10-04T19:07:58Z,28,1E-5,N,-4634.48,113.2,58,24.1875
2026-10-04T19:08:59Z,28,1E-5,I,-4665.52,125.0,58,24.25
2026-10-04T19:09:59Z,28,1E-5,I,-4708.62,117.4,58,24.25
2026-10-04T19:10:59Z,28,1E-5,N,-4708.62,136.7,58,24.25
2026-10-04T19:11:59Z,28,1E-6,N,-4693.1,119.7,58,24.25
2026-10-04T19:13:00Z,28,1E-6,I,-4665.52,103.5,58,24.25
2026-10-04T19:14:00Z,28,1E-6,I,-4684.48,104.0,58,24.25
2026-10-04T19:15:00Z,28,1E-6,N,-4720.69,134.8,58,24.25
2026-10-04T19:16:01Z,28,1E-7,N,-4705.17,119.1,58,24.25
2026-10-04T19:17:01Z,28,1E-7,I,-4748.28,115.8,58,24.25
2026-10-04T19:18:01Z,28,1E-7,I,-4710.34,108.7,58,24.25
2026-10-04T19:19:01Z,28,1E-7,N,-4694.83,99.9,58,24.25
2026-10-04T19:20:01Z,28,1E-7,Z,-4750.0,117.4,58,24.25
2026-10-04T19:21:02Z,29,1E-5,N,-4732.76,126.2,58,24.25
2026-10-04T19:22:02Z,29,1E-5,I,-4727.59,116.7,58,24.25
2026-10-04T19:23:02Z,29,1E-5,I,-4655.17,127.3,58,24.25
2026-10-04T19:24:02Z,29,1E-5,N,-4639.66,129.7,58,24.25
2026-10-04T19:25:03Z,29,1E-6,N,-4691.38,121.8,58,24.25
2026-10-04T19:26:03Z,29,1E-6,I,-4703.45,112.3,58,24.3125
2026-10-04T19:27:03Z,29,1E-6,I,-4746.55,124.6,58,24.3125
2026-10-04T19:28:04Z,29,1E-6,N,-4713.79,124.9,58,24.3125
2026-10-04T19:29:04Z,29,1E-7,N,-4713.79,124.9,58,24.3125
2026-10-04T19:30:04Z,29,1E-7,I,-4705.17,116.1,58,24.3125
2026-10-04T19:31:04Z,29,1E-7,I,-4686.21,120.6,58,24.3125
2026-10-04T19:32:05Z,29,1E-7,N,-4684.48,124.0,58,24.3125
2026-10-04T19:33:05Z,29,1E-7,Z,-4650.0,123.2,58,24.3125
2026-10-04T19:34:05Z,30,1E-5,N,-4687.93,107.7,58,24.3125
2026-10-04T19:35:06Z,30,1E-5,I,-4672.41,116.7,58,24.3125
2026-10-04T19:36:06Z,30,1E-5,I,-4700.0,128.4,58,24.3125
2026-10-04T19:37:06Z,30,1E-5,N,-4696.55,128.4,58,24.3125
2026-10-04T19:38:06Z,30,1E-6,N,-4679.31,125.3,58,24.3125
2026-10-04T19:39:07Z,30,1E-6,I,-4677.59,106.0,58,24.3125
2026-10-04T19:40:07Z,30,1E-6,I,-4705.17,141.9,58,24.375
2026-10-04T19:41:07Z,30,1E-6,N,-4743.1,133.9,58,24.375
2026-10-04T19:42:07Z,30,1E-7,N,-4706.9,134.9,58,24.375
2026-10-04T19:43:08Z,30,1E-7,I,-4713.79,124.9,58,24.375
2026-10-04T19:44:08Z,30,1E-7,I,-4731.03,120.2,58,24.375
2026-10-04T19:45:08Z,30,1E-7,N,-4727.59,108.9,58,24.375
2026-10-04T19:46:08Z,30,1E-7,Z,-4734.48,130.5,58,24.375
2026-10-04T19:47:09Z,31,1E-5,N,-4746.55,124.6,58,24.375
2026-10-04T19:48:09Z,31,1E-5,I,-4715.52,112.1,58,24.375
2026-10-04T19:49:09Z,31,1E-5,I,-4737.93,118.2,58,24.375
2026-10-04T19:50:09Z,31,1E-5,N,-4746.55,121.7,58,24.375
2026-10-04T19:51:10Z,31,1E-6,N,-4732.76,130.3,58,24.375
2026-10-04T19:52:10Z,31,1E-6,I,-4753.45,121.7,58,24.4375
2026-10-04T19:53:10Z,31,1E-6,I,-4750.0,115.8,58,24.4375
2026-10-04T19:54:10Z,31,1E-6,N,-4767.24,138.1,58,24.4375
2026-10-04T19:55:11Z,31,1E-7,N,-4737.93,125.4,58,24.4375
2026-10-04T19:56:11Z,31,1E-7,I,-4779.31,128.1,58,24.4375
2026-10-04T19:57:11Z,31,1E-7,I,-4729.31,125.7,58,24.4375
2026-10-04T19:58:11Z,31,1E-7,N,-4696.55,122.8,58,24.4375
2026-10-04T19:59:12Z,31,1E-7,Z,-4750.0,128.8,58,24.4375
2026-10-04T20:00:12Z,32,1E-5,N,-4722.41,109.3,58,24.4375
2026-10-04T20:01:12Z,32,1E-5,I,-4767.24,123.4,58,24.4375
2026-10-04T20:02:12Z,32,1E-5,I,-4784.48,113.6,58,24.4375
2026-10-04T20:03:13Z,32,1E-5,N,-4763.79,150.7,58,24.5
2026-10-04T20:04:13Z,32,1E-6,N,-4801.72,120.7,58,24.5
2026-10-04T20:05:13Z,32,1E-6,I,-4715.52,142.4,58,24.5
2026-10-04T20:06:13Z,32,1E-6,I,-4705.17,136.9,58,24.5
2026-10-04T20:07:14Z,32,1E-6,N,-4718.97,108.3,58,24.5
2026-10-04T20:08:14Z,32,1E-7,N,-4741.38,127.1,58,24.5
2026-10-04T20:09:14Z,32,1E-7,I,-4751.72,140.5,58,24.5
2026-10-04T20:10:15Z,32,1E-7,I,-4779.31,133.5,58,24.5
2026-10-04T20:11:15Z,32,1E-7,N,-4741.38,124.3,58,24.5
2026-10-04T20:12:15Z,32,1E-7,Z,-4753.45,117.3,58,24.5
2026-10-04T20:13:15Z,33,1E-5,N,-4686.21,109.9,58,24.5
2026-10-04T20:14:16Z,33,1E-5,I,-4727.59,128.1,58,24.5
2026-10-04T20:15:16Z,33,1E-5,I,-4748.28,101.3,58,24.5625
2026-10-04T20:16:16Z,33,1E-5,N,-4729.31,125.7,58,24.5625
2026-10-04T20:17:16Z,33,1E-6,N,-4775.86,117.4,58,24.5625
2026-10-04T20:18:17Z,33,1E-6,I,-4808.62,120.4,58,24.5625
2026-10-04T20:19:17Z,33,1E-6,I,-4748.28,126.0,58,24.5625
2026-10-04T20:20:17Z,33,1E-6,N,-4718.97,127.7,58,24.5625
2026-10-04T20:21:18Z,33,1E-7,N,-4727.59,139.9,58,24.5625
2026-10-04T20:22:18Z,33,1E-7,I,-4755.17,130.0,58,24.5625
2026-10-04T20:23:18Z,33,1E-7,I,-4775.86,118.9,58,24.5625
2026-10-04T20:24:18Z,33,1E-7,N,-4805.17,136.9,58,24.625
2026-10-04T20:25:18Z,33,1E-7,Z,-4741.38,128.5,58,24.625
2026-10-04T20:26:19Z,34,1E-5,N,-4743.1,125.8,58,24.625
2026-10-04T20:27:19Z,34,1E-5,I,-4760.34,107.5,58,24.625
2026-10-04T20:28:19Z,34,1E-5,I,-4779.31,121.0,58,24.625
2026-10-04T20:29:19Z,34,1E-5,N,-4786.21,105.0,58,24.625
2026-10-04T20:30:20Z,34,1E-6,N,-4765.52,117.8,58,24.625
2026-10-04T20:31:20Z,34,1E-6,I,-4774.14,108.5,58,24.625
2026-10-04T20:32:20Z,34,1E-6,I,-4736.21,111.9,58,24.6875
2026-10-04T20:33:21Z,34,1E-6,N,-4784.48,122.5,58,24.6875
2026-10-04T20:34:21Z,34,1E-7,N,-4750.0,111.2,58,24.6875
2026-10-04T20:35:21Z,34,1E-7,I,-4751.72,141.7,58,24.6875
2026-10-04T20:36:21Z,34,1E-7,I,-4822.41,118.5,58,24.6875
2026-10-04T20:37:22Z,34,1E-7,N,-4794.83,116.1,58,24.6875
2026-10-04T20:38:22Z,34,1E-7,Z,-4831.03,112.7,58,24.6875
2026-10-04T20:39:22Z,35,1E-5,N,-4808.62,117.4,58,24.6875
2026-10-04T20:40:22Z,35,1E-5,I,-4772.41,126.8,58,24.75
2026-10-04T20:41:22Z,35,1E-5,I,-4786.21,143.2,58,24.75
2026-10-04T20:42:23Z,35,1E-5,N,-4729.31,131.1,58,24.75
2026-10-04T20:43:23Z,35,1E-6,N,-4744.83,112.7,58,24.75
2026-10-04T20:44:24Z,35,1E-6,I,-4777.59,128.5,58,24.75
2026-10-04T20:45:24Z,35,1E-6,I,-4781.03,134.4,58,24.75
2026-10-04T20:46:24Z,35,1E-6,N,-4784.48,130.9,58,24.75
2026-10-04T20:47:24Z,35,1E-7,N,-4760.34,141.3,58,24.75
2026-10-04T20:48:25Z,35,1E-7,I,-4787.93,124.4,58,24.75
2026-10-04T20:49:25Z,35,1E-7,I,-4798.28,155.0,58,24.8125
2026-10-04T20:50:25Z,35,1E-7,N,-4753.45,121.7,58,24.8125
2026-10-04T20:51:25Z,35,1E-7,Z,-4815.52,132.2,58,24.8125
2026-10-04T20:52:26Z,36,1E-5,N,-4808.62,104.8,58,24.8125
2026-10-04T20:53:26Z,36,1E-5,I,-4810.34,120.9,58,24.8125
2026-10-04T20:54:26Z,36,1E-5,I,-4793.1,105.7,58,24.8125
2026-10-04T20:55:26Z,36,1E-5,N,-4770.69,125.7,58,24.8125
2026-10-04T20:56:27Z,36,1E-6,N,-4760.34,112.3,58,24.8125
2026-10-04T20:57:27Z,36,1E-6,I,-4775.86,109.7,58,24.8125
2026-10-04T20:58:27Z,36,1E-6,I,-4794.83,119.1,58,24.8125
2026-10-04T20:59:27Z,36,1E-6,N,-4798.28,108.4,58,24.8125
2026-10-04T21:00:28Z,36,1E-7,N,-4793.1,119.7,58,24.8125
2026-10-04T21:01:28Z,36,1E-7,I,-4812.07,131.2,58,24.875
2026-10-04T21:02:28Z,36,1E-7,I,-4779.31,134.8,58,24.875
2026-10-04T21:03:28Z,36,1E-7,N,-4743.1,111.0,58,24.875
2026-10-04T21:04:29Z,36,1E-7,Z,-4765.52,108.5,58,24.875
2026-10-04T21:05:29Z,37,1E-5,N,-4789.66,137.3,58,24.875
2026-10-04T21:06:29Z,37,1E-5,I,-4717.24,125.8,58,24.875
2026-10-04T21:07:29Z,37,1E-5,I,-4746.55,157.0,58,24.875
2026-10-04T21:08:30Z,37,1E-5,N,-4710.34,108.7,58,24.875
2026-10-04T21:09:30Z,37,1E-6,N,-4746.55,127.3,58,24.875
2026-10-04T21:10:30Z,37,1E-6,I,-4724.14,127.5,58,24.875
2026-10-04T21:11:30Z,37,1E-6,I,-4765.52,122.2,58,24.875
2026-10-04T21:12:31Z,37,1E-6,N,-4800.0,128.4,58,24.9375
2026-10-04T21:13:31Z,37,1E-7,N,-4768.97,127.3,58,24.9375
2026-10-04T21:14:31Z,37,1E-7,I,-4713.79,123.5,58,24.9375
2026-10-04T21:15:31Z,37,1E-7,I,-4724.14,126.1,58,24.9375
2026-10-04T21:16:32Z,37,1E-7,N,-4693.1,133.6,58,24.9375
2026-10-04T21:17:32Z,37,1E-7,Z,-4691.38,123.2,58,24.9375
2026-10-04T21:18:32Z,38,1E-5,N,-4756.9,123.0,58,24.9375
2026-10-04T21:19:33Z,38,1E-5,I,-4686.21,127.7,58,24.9375
2026-10-04T21:20:33Z,38,1E-5,I,-4687.93,129.9,58,24.9375
2026-10-04T21:21:33Z,38,1E-5,N,-4755.17,123.1,58,25.0
2026-10-04T21:22:33Z,38,1E-6,N,-4770.69,133.8,58,25.0
2026-10-04T21:23:34Z,38,1E-6,I,-4786.21,129.0,58,25.0
2026-10-04T21:24:34Z,38,1E-6,I,-4825.86,113.3,58,25.0
2026-10-04T21:25:34Z,38,1E-6,N,-4803.45,137.6,58,25.0
2026-10-04T21:26:34Z,38,1E-7,N,-4815.52,112.1,58,25.0625
2026-10-04T21:27:35Z,38,1E-7,I,-4808.62,108.1,58,25.0625
2026-10-04T21:28:35Z,38,1E-7,I,-4801.72,131.8,58,25.0625
2026-10-04T21:29:35Z,38,1E-7,N,-4898.28,134.4,58,25.0625
2026-10-04T21:30:35Z,38,1E-7,Z,-4886.21,131.7,58,25.125
2026-10-04T21:31:36Z,39,1E-5,N,-4791.38,135.4,58,25.125
2026-10-04T21:32:36Z,39,1E-5,I,-4817.24,121.6,58,25.125
2026-10-04T21:33:36Z,39,1E-5,I,-4760.34,113.8,58,25.125
2026-10-04T21:34:36Z,39,1E-5,N,-4808.62,126.1,58,25.1875
2026-10-04T21:35:37Z,39,1E-6,N,-4839.66,121.3,58,25.1875
2026-10-04T21:36:37Z,39,1E-6,I,-4843.1,140.3,58,25.1875
2026-10-04T21:37:37Z,39,1E-6,I,-4806.9,118.3,58,25.1875
2026-10-04T21:38:37Z,39,1E-6,N,-4824.14,136.8,58,25.25
2026-10-04T21:39:38Z,39,1E-7,N,-4813.79,127.7,58,25.25
2026-10-04T21:40:38Z,39,1E-7,I,-4846.55,130.1,58,25.25
2026-10-04T21:41:38Z,39,1E-7,I,-4903.45,124.2,58,25.25
2026-10-04T21:42:39Z,39,1E-7,N,-4898.28,113.2,58,25.25
2026-10-04T21:43:39Z,39,1E-7,Z,-4874.14,120.8,58,25.3125
2026-10-04T21:44:39Z,40,1E-5,N,-4812.07,106.1,58,25.3125
2026-10-04T21:45:39Z,40,1E-5,I,-4898.28,134.4,58,25.3125
2026-10-04T21:46:39Z,40,1E-5,I,-4800.0,143.9,58,25.3125
2026-10-04T21:47:40Z,40,1E-5,N,-4856.9,117.1,58,25.3125
2026-10-04T21:48:40Z,40,1E-6,N,-4824.14,103.1,58,25.375
2026-10-04T21:49:41Z,40,1E-6,I,-4858.62,114.0,58,25.375
2026-10-04T21:50:41Z,40,1E-6,I,-4853.45,117.3,58,25.375
2026-10-04T21:51:41Z,40,1E-6,N,-4886.21,113.1,58,25.375
2026-10-04T21:52:41Z,40,1E-7,N,-4862.07,112.1,58,25.375
2026-10-04T21:53:42Z,40,1E-7,I,-4868.97,130.1,58,25.4375
2026-10-04T21:54:42Z,40,1E-7,I,-4872.41,115.2,58,25.4375
2026-10-04T21:55:42Z,40,1E-7,N,-4858.62,128.5,58,25.4375
2026-10-04T21:56:42Z,40,1E-7,Z,-4837.93,102.3,58,25.4375
2026-10-04T21:57:42Z,41,1E-5,N,-4850.0,131.5,58,25.4375
2026-10-04T21:58:43Z,41,1E-5,I,-4818.97,99.9,58,25.5
2026-10-04T21:59:43Z,41,1E-5,I,-4837.93,121.1,58,25.5
2026-10-04T22:00:43Z,41,1E-5,N,-4937.93,115.2,58,25.5
2026-10-04T22:01:44Z,41,1E-6,N,-4917.24,115.7,58,25.5
2026-10-04T22:02:44Z,41,1E-6,I,-4905.17,106.7,58,25.5
2026-10-04T22:03:44Z,41,1E-6,I,-4903.45,129.7,58,25.5
2026-10-04T22:04:44Z,41,1E-6,N,-4848.28,103.0,58,25.5625
2026-10-04T22:05:45Z,41,1E-7,N,-4875.86,135.5,58,25.5625
2026-10-04T22:06:45Z,41,1E-7,I,-4901.72,103.4,58,25.5625
2026-10-04T22:07:45Z,41,1E-7,I,-4893.1,118.3,58,25.5625
2026-10-04T22:08:45Z,41,1E-7,N,-4889.66,105.4,58,25.5625
2026-10-04T22:09:46Z,41,1E-7,Z,-4884.48,116.7,58,25.625
2026-10-04T22:10:46Z,42,1E-5,N,-4912.07,127.2,58,25.625
2026-10-04T22:11:46Z,42,1E-5,I,-4894.83,131.7,58,25.625
2026-10-04T22:12:46Z,42,1E-5,I,-4848.28,147.8,58,25.625
2026-10-04T22:13:47Z,42,1E-5,N,-4889.66,98.6,58,25.6875
2026-10-04T22:14:47Z,42,1E-6,N,-4894.83,120.6,58,25.6875
2026-10-04T22:15:47Z,42,1E-6,I,-4884.48,126.8,58,25.6875
2026-10-04T22:16:47Z,42,1E-6,I,-4879.31,118.1,58,25.6875
2026-10-04T22:17:48Z,42,1E-6,N,-4927.59,121.1,58,25.6875
2026-10-04T22:18:48Z,42,1E-7,N,-4901.72,127.7,58,25.75
2026-10-04T22:19:48Z,42,1E-7,I,-4863.79,122.4,58,25.75
2026-10-04T22:20:48Z,42,1E-7,I,-4918.97,120.6,58,25.75
2026-10-04T22:21:49Z,42,1E-7,N,-4931.03,123.1,58,25.75
2026-10-04T22:22:49Z,42,1E-7,Z,-4932.76,133.0,58,25.75
2026-10-04T22:23:49Z,43,1E-5,N,-4867.24,116.1,58,25.75
2026-10-04T22:24:50Z,43,1E-5,I,-4894.83,119.1,58,25.8125
2026-10-04T22:25:50Z,43,1E-5,I,-4920.69,128.1,58,25.8125
2026-10-04T22:26:50Z,43,1E-5,N,-4991.38,143.0,58,25.8125
2026-10-04T22:27:50Z,43,1E-6,N,-4955.17,111.1,58,25.8125
2026-10-04T22:28:51Z,43,1E-6,I,-4975.86,128.8,58,25.8125
2026-10-04T22:29:51Z,43,1E-6,I,-4918.97,116.2,58,25.8125
2026-10-04T22:30:51Z,43,1E-6,N,-4931.03,125.9,58,25.875
2026-10-04T22:31:51Z,43,1E-7,N,-4887.93,91.9,58,25.875
2026-10-04T22:32:52Z,43,1E-7,I,-4941.38,120.0,58,25.875
2026-10-04T22:33:52Z,43,1E-7,I,-4901.72,116.2,58,25.875
2026-10-04T22:34:52Z,43,1E-7,N,-4979.31,128.1,58,25.875
2026-10-04T22:35:52Z,43,1E-7,Z,-4951.72,144.2,58,25.875
2026-10-04T22:36:53Z,44,1E-5,N,-4953.45,112.7,58,25.875
2026-10-04T22:37:53Z,44,1E-5,I,-4948.28,115.8,58,25.875
2026-10-04T22:38:53Z,44,1E-5,I,-4931.03,137.9,58,25.875
2026-10-04T22:39:53Z,44,1E-5,N,-4915.52,112.1,58,25.9375
2026-10-04T22:40:54Z,44,1E-6,N,-4927.59,126.8,58,25.9375
2026-10-04T22:41:54Z,44,1E-6,I,-4955.17,111.1,58,25.9375
2026-10-04T22:42:54Z,44,1E-6,I,-4898.28,96.4,58,25.9375
2026-10-04T22:43:54Z,44,1E-6,N,-4968.97,134.0,58,25.9375
2026-10-04T22:44:55Z,44,1E-7,N,-4925.86,120.8,58,25.9375
2026-10-04T22:45:55Z,44,1E-7,I,-4922.41,109.3,58,25.9375
2026-10-04T22:46:55Z,44,1E-7,I,-4915.52,134.8,58,25.9375
2026-10-04T22:47:56Z,44,1E-7,N,-4920.69,110.4,58,25.9375
2026-10-04T22:48:56Z,44,1E-7,Z,-4977.59,107.7,58,25.9375
2026-10-04T22:49:56Z,45,1E-5,N,-4939.66,104.2,58,26.0
2026-10-04T22:50:56Z,45,1E-5,I,-4894.83,123.4,58,26.0
2026-10-04T22:51:56Z,45,1E-5,I,-4927.59,121.1,58,26.0
2026-10-04T22:52:57Z,45,1E-5,N,-4932.76,116.1,58,26.0
2026-10-04T22:53:57Z,45,1E-6,N,-4939.66,121.3,58,26.0
2026-10-04T22:54:57Z,45,1E-6,I,-4974.14,125.0,58,26.0
2026-10-04T22:55:58Z,45,1E-6,I,-4934.48,119.3,58,26.0
2026-10-04T22:56:58Z,45,1E-6,N,-4906.9,130.9,58,26.0625
2026-10-04T22:57:58Z,45,1E-7,N,-4910.34,133.4,58,26.0625
2026-10-04T22:58:59Z,45,1E-7,I,-4891.38,136.7,58,26.0625
2026-10-04T22:59:59Z,45,1E-7,I,-4937.93,142.4,58,26.0625
2026-10-04T23:00:59Z,45,1E-7,N,-4927.59,134.8,58,26.0625
2026-10-04T23:01:59Z,45,1E-7,Z,-4963.79,125.2,58,26.0625
2026-10-04T23:02:59Z,46,1E-5,N,-4960.34,115.4,58,26.125
2026-10-04T23:04:00Z,46,1E-5,I,-4962.07,116.7,58,26.125
2026-10-04T23:05:00Z,46,1E-5,I,-4981.03,113.1,58,26.125
2026-10-04T23:06:00Z,46,1E-5,N,-4925.86,114.8,58,26.125
2026-10-04T23:07:01Z,46,1E-6,N,-4958.62,132.5,58,26.125
2026-10-04T23:08:01Z,46,1E-6,I,-5006.9,118.3,58,26.125
2026-10-04T23:09:01Z,46,1E-6,I,-4941.38,127.1,58,26.125
2026-10-04T23:10:01Z,46,1E-6,N,-4934.48,140.9,58,26.125
2026-10-04T23:11:02Z,46,1E-7,N,-4922.41,106.0,58,26.1875
2026-10-04T23:12:02Z,46,1E-7,I,-4977.59,122.9,58,26.1875
2026-10-04T23:13:02Z,46,1E-7,I,-4918.97,133.1,58,26.1875
2026-10-04T23:14:02Z,46,1E-7,N,-4906.9,137.5,58,26.1875
2026-10-04T23:15:03Z,46,1E-7,Z,-4922.41,115.5,58,26.1875
2026-10-04T23:16:03Z,47,1E-5,N,-4941.38,129.8,58,26.1875
2026-10-04T23:17:03Z,47,1E-5,I,-4982.76,135.3,58,26.1875
2026-10-04T23:18:03Z,47,1E-5,I,-4950.0,117.4,58,26.1875
2026-10-04T23:19:04Z,47,1E-5,N,-4917.24,111.0,58,26.25
2026-10-04T23:20:04Z,47,1E-6,N,-4908.62,130.2,58,26.25
2026-10-04T23:21:04Z,47,1E-6,I,-4898.28,138.3,58,26.25
2026-10-04T23:22:04Z,47,1E-6,I,-4891.38,117.4,58,26.25
2026-10-04T23:23:05Z,47,1E-6,N,-4924.14,114.4,58,26.25
2026-10-04T23:24:05Z,47,1E-7,N,-4944.83,140.4,58,26.25
2026-10-04T23:25:05Z,47,1E-7,I,-4974.14,137.1,58,26.25
2026-10-04T23:26:05Z,47,1E-7,I,-5000.0,125.7,58,26.3125
2026-10-04T23:27:06Z,47,1E-7,N,-4941.38,140.2,58,26.3125
2026-10-04T23:28:06Z,47,1E-7,Z,-4944.83,127.3,58,26.3125
2026-10-04T23:29:06Z,48,1E-5,N,-4891.38,126.1,58,26.3125
2026-10-04T23:30:07Z,48,1E-5,I,-4891.38,118.9,58,26.3125
2026-10-04T23:31:07Z,48,1E-5,I,-4932.76,140.7,58,26.3125
2026-10-04T23:32:07Z,48,1E-5,N,-4922.41,127.1,58,26.3125
2026-10-04T23:33:07Z,48,1E-6,N,-4893.1,126.9,58,26.375
2026-10-04T23:34:08Z,48,1E-6,I,-4913.79,114.6,58,26.375
2026-10-04T23:35:08Z,48,1E-6,I,-4934.48,101.8,58,26.375
2026-10-04T23:36:08Z,48,1E-6,N,-4946.55,147.7,58,26.375
2026-10-04T23:37:08Z,48,1E-7,N,-4943.1,121.6,58,26.375
2026-10-04T23:38:09Z,48,1E-7,I,-4924.14,120.4,58,26.375
2026-10-04T23:39:09Z,48,1E-7,I,-4953.45,114.3,58,26.4375
2026-10-04T23:40:09Z,48,1E-7,N,-4951.72,120.3,58,26.4375
2026-10-04T23:41:09Z,48,1E-7,Z,-5008.62,127.4,58,26.4375
2026-10-04T23:42:10Z,49,1E-5,N,-4896.55,115.4,58,26.4375
2026-10-04T23:43:10Z,49,1E-5,I,-4941.38,128.5,58,26.4375
2026-10-04T23:44:10Z,49,1E-5,I,-4943.1,111.0,58,26.4375
2026-10-04T23:45:10Z,49,1E-5,N,-4913.79,129.0,58,26.4375
2026-10-04T23:46:11Z,49,1E-6,N,-4981.03,116.2,58,26.4375
2026-10-04T23:47:11Z,49,1E-6,I,-4981.03,110.0,58,26.4375
2026-10-04T23:48:11Z,49,1E-6,I,-4989.66,110.3,58,26.5
2026-10-04T23:49:11Z,49,1E-6,N,-4948.28,138.0,58,26.5
2026-10-04T23:50:12Z,49,1E-7,N,-4958.62,114.0,58,26.5
2026-10-04T23:51:12Z,49,1E-7,I,-4924.14,92.4,58,26.5
2026-10-04T23:52:12Z,49,1E-7,I,-4950.0,126.0,58,26.5
2026-10-04T23:53:13Z,49,1E-7,N,-4917.24,106.2,58,26.5
2026-10-04T23:54:13Z,49,1E-7,Z,-4944.83,125.9,58,26.5
2026-10-04T23:55:13Z,50,1E-5,N,-4963.79,133.4,58,26.5
2026-10-04T23:56:13Z,50,1E-5,I,-4925.86,134.5,58,26.5
2026-10-04T23:57:13Z,50,1E-5,I,-4968.97,131.4,58,26.5625
2026-10-04T23:58:14Z,50,1E-5,N,-4953.45,114.3,58,26.5625
2026-10-04T23:59:14Z,50,1E-6,N,-4922.41,106.0,58,26.5625
2026-10-05T00:00:14Z,50,1E-6,I,-4891.38,120.4,58,26.5625
2026-10-05T00:01:14Z,50,1E-6,I,-4924.14,128.8,58,26.5625
2026-10-05T00:02:15Z,50,1E-6,N,-4946.55,120.3,58,26.5625
2026-10-05T00:03:15Z,50,1E-7,N,-4943.1,128.6,58,26.5625
2026-10-05T00:04:16Z,50,1E-7,I,-4960.34,137.6,58,26.625
2026-10-05T00:05:16Z,50,1E-7,I,-4912.07,133.9,58,26.625
2026-10-05T00:06:16Z,50,1E-7,N,-4960.34,121.3,58,26.625
2026-10-05T00:07:16Z,50,1E-7,Z,-4917.24,120.1,58,26.625
2026-10-05T00:08:16Z,51,1E-5,N,-4917.24,115.7,58,26.625
2026-10-05T00:09:17Z,51,1E-5,I,-4898.28,108.4,58,26.625
2026-10-05T00:10:17Z,51,1E-5,I,-4898.28,142.0,58,26.625
2026-10-05T00:11:17Z,51,1E-5,N,-4913.79,136.9,58,26.625
2026-10-05T00:12:17Z,51,1E-6,N,-4927.59,118.2,58,26.625
2026-10-05T00:13:18Z,51,1E-6,I,-4934.48,116.3,58,26.625
2026-10-05T00:14:18Z,51,1E-6,I,-4903.45,112.3,58,26.6875
2026-10-05T00:15:18Z,51,1E-6,N,-4924.14,101.4,58,26.6875
2026-10-05T00:16:19Z,51,1E-7,N,-4912.07,114.1,58,26.6875
2026-10-05T00:17:19Z,51,1E-7,I,-4891.38,124.7,58,26.6875
2026-10-05T00:18:19Z,51,1E-7,I,-4865.52,119.3,58,26.6875
2026-10-05T00:19:19Z,51,1E-7,N,-4853.45,128.7,58,26.6875
2026-10-05T00:20:19Z,51,1E-7,Z,-4834.48,101.8,58,26.6875
2026-10-05T00:21:20Z,52,1E-5,N,-4868.97,123.1,58,26.6875
2026-10-05T00:22:20Z,52,1E-5,I,-4896.55,127.0,58,26.6875
2026-10-05T00:23:20Z,52,1E-5,I,-4887.93,125.8,58,26.6875
2026-10-05T00:24:20Z,52,1E-5,N,-4853.45,139.2,58,26.6875
2026-10-05T00:25:21Z,52,1E-6,N,-4856.9,127.2,58,26.6875
2026-10-05T00:26:21Z,52,1E-6,I,-4858.62,139.0,58,26.75
2026-10-05T00:27:21Z,52,1E-6,I,-4872.41,105.6,58,26.6875
2026-10-05T00:28:22Z,52,1E-6,N,-4887.93,110.9,58,26.75
2026-10-05T00:29:22Z,52,1E-7,N,-4898.28,124.9,58,26.75
2026-10-05T00:30:22Z,52,1E-7,I,-4896.55,124.2,58,26.75
2026-10-05T00:31:22Z,52,1E-7,I,-4858.62,151.1,58,26.75
2026-10-05T00:32:23Z,52,1E-7,N,-4836.21,111.9,58,26.75
2026-10-05T00:33:23Z,52,1E-7,Z,-4855.17,112.7,58,26.75
2026-10-05T00:34:23Z,53,1E-5,N,-4822.41,122.9,58,26.75
2026-10-05T00:35:24Z,53,1E-5,I,-4874.14,127.8,58,26.75
2026-10-05T00:36:24Z,53,1E-5,I,-4850.0,121.8,58,26.75
2026-10-05T00:37:24Z,53,1E-5,N,-4837.93,129.5,58,26.75
2026-10-05T00:38:24Z,53,1E-6,N,-4808.62,123.2,58,26.75
2026-10-05T00:39:25Z,53,1E-6,I,-4827.59,148.4,58,26.75
2026-10-05T00:40:25Z,53,1E-6,I,-4875.86,140.6,58,26.75
2026-10-05T00:41:25Z,53,1E-6,N,-4818.97,116.2,58,26.75
2026-10-05T00:42:25Z,53,1E-7,N,-4856.9,124.4,58,26.75
2026-10-05T00:43:26Z,53,1E-7,I,-4827.59,121.1,58,26.75
2026-10-05T00:44:26Z,53,1E-7,I,-4817.24,117.2,58,26.75
2026-10-05T00:45:26Z,53,1E-7,N,-4775.86,118.9,58,26.75
2026-10-05T00:46:26Z,53,1E-7,Z,-4824.14,123.3,58,26.75
2026-10-05T00:47:27Z,54,1E-5,N,-4834.48,100.1,58,26.75
2026-10-05T00:48:27Z,54,1E-5,I,-4782.76,112.6,58,26.75
2026-10-05T00:49:27Z,54,1E-5,I,-4768.97,132.7,58,26.75
2026-10-05T00:50:27Z,54,1E-5,N,-4832.76,126.2,58,26.8125
2026-10-05T00:51:28Z,54,1E-6,N,-4825.86,127.8,58,26.8125
2026-10-05T00:52:28Z,54,1E-6,I,-4870.69,122.8,58,26.8125
2026-10-05T00:53:28Z,54,1E-6,I,-4834.48,138.4,58,26.8125
2026-10-05T00:54:28Z,54,1E-6,N,-4817.24,141.6,58,26.8125
2026-10-05T00:55:29Z,54,1E-7,N,-4841.38,114.0,58,26.8125
2026-10-05T00:56:29Z,54,1E-7,I,-4837.93,118.2,58,26.8125
2026-10-05T00:57:29Z,54,1E-7,I,-4858.62,137.7,58,26.8125
2026-10-05T00:58:29Z,54,1E-7,N,-4820.69,126.7,58,26.8125
2026-10-05T00:59:30Z,54,1E-7,Z,-4798.28,133.1,58,26.8125
2026-10-05T01:00:30Z,55,1E-5,N,-4784.48,187.1,58,26.8125
2026-10-05T01:01:30Z,55,1E-5,I,-4812.07,110.9,58,26.8125
2026-10-05T01:02:30Z,55,1E-5,I,-4806.9,112.2,58,26.8125
2026-10-05T01:03:31Z,55,1E-5,N,-4822.41,118.5,58,26.8125
2026-10-05T01:04:31Z,55,1E-6,N,-4810.34,129.4,58,26.8125
2026-10-05T01:05:31Z,55,1E-6,I,-4806.9,132.3,58,26.8125
2026-10-05T01:06:31Z,55,1E-6,I,-4801.72,105.1,58,26.8125
2026-10-05T01:07:32Z,55,1E-6,N,-4875.86,104.8,58,26.8125
2026-10-05T01:08:32Z,55,1E-7,N,-4839.66,127.0,58,26.8125
2026-10-05T01:09:33Z,55,1E-7,I,-4779.31,121.0,58,26.8125
2026-10-05T01:10:33Z,55,1E-7,I,-4767.24,136.9,58,26.8125
2026-10-05T01:11:33Z,55,1E-7,N,-4767.24,106.6,58,26.8125
2026-10-05T01:12:33Z,55,1E-7,Z,-4750.0,120.3,58,26.8125
2026-10-05T01:13:33Z,56,1E-5,N,-4836.21,128.0,58,26.8125
2026-10-05T01:14:34Z,56,1E-5,I,-4791.38,115.9,58,26.8125
2026-10-05T01:15:34Z,56,1E-5,I,-4763.79,115.0,58,26.8125
2026-10-05T01:16:34Z,56,1E-5,N,-4779.31,107.2,58,26.8125
2026-10-05T01:17:34Z,56,1E-6,N,-4779.31,129.5,58,26.8125
2026-10-05T01:18:35Z,56,1E-6,I,-4793.1,109.0,58,26.8125
2026-10-05T01:19:35Z,56,1E-6,I,-4762.07,124.0,58,26.8125
2026-10-05T01:20:35Z,56,1E-6,N,-4708.62,112.8,58,26.8125
2026-10-05T01:21:36Z,56,1E-7,N,-4720.69,134.8,58,26.8125
2026-10-05T01:22:36Z,56,1E-7,I,-4720.69,116.6,58,26.8125
2026-10-05T01:23:36Z,56,1E-7,I,-4732.76,116.1,58,26.8125
2026-10-05T01:24:36Z,56,1E-7,N,-4734.48,137.1,58,26.8125
2026-10-05T01:25:36Z,56,1E-7,Z,-4679.31,122.5,58,26.8125
2026-10-05T01:26:37Z,57,1E-5,N,-4715.52,128.1,58,26.75
2026-10-05T01:27:37Z,57,1E-5,I,-4736.21,139.8,58,26.75
2026-10-05T01:28:37Z,57,1E-5,I,-4681.03,119.1,58,26.75
2026-10-05T01:29:37Z,57,1E-5,N,-4727.59,102.2,58,26.75
2026-10-05T01:30:38Z,57,1E-6,N,-4689.66,107.1,58,26.75
2026-10-05T01:31:38Z,57,1E-6,I,-4687.93,135.2,58,26.75
2026-10-05T01:32:38Z,57,1E-6,I,-4691.38,117.4,58,26.75
2026-10-05T01:33:39Z,57,1E-6,N,-4686.21,129.0,58,26.75
2026-10-05T01:34:39Z,57,1E-7,N,-4639.66,112.3,58,26.75
2026-10-05T01:35:39Z,57,1E-7,I,-4643.1,123.0,58,26.75
2026-10-05T01:36:39Z,57,1E-7,I,-4639.66,119.9,58,26.75
2026-10-05T01:37:40Z,57,1E-7,N,-4686.21,131.7,58,26.75
2026-10-05T01:38:40Z,57,1E-7,Z,-4670.69,124.3,58,26.75
2026-10-05T01:39:40Z,58,1E-5,N,-4698.28,134.4,58,26.75
2026-10-05T01:40:40Z,58,1E-5,I,-4727.59,112.1,58,26.75
2026-10-05T01:41:41Z,58,1E-5,I,-4684.48,118.2,58,26.75
2026-10-05T01:42:41Z,58,1E-5,N,-4724.14,118.9,58,26.75
2026-10-05T01:43:41Z,58,1E-6,N,-4762.07,124.0,58,26.75
2026-10-05T01:44:42Z,58,1E-6,I,-4705.17,127.6,58,26.75
2026-10-05T01:45:42Z,58,1E-6,I,-4725.86,134.5,58,26.75
2026-10-05T01:46:42Z,58,1E-6,N,-4668.97,132.7,58,26.8125
2026-10-05T01:47:42Z,58,1E-7,N,-4712.07,112.5,58,26.8125
2026-10-05T01:48:43Z,58,1E-7,I,-4665.52,110.1,58,26.8125
2026-10-05T01:49:43Z,58,1E-7,I,-4750.0,147.8,58,26.8125
2026-10-05T01:50:43Z,58,1E-7,N,-4768.97,132.7,58,26.8125
2026-10-05T01:51:43Z,58,1E-7,Z,-4800.0,132.5,58,26.8125
2026-10-05T01:52:44Z,59,1E-5,N,-4793.1,136.2,58,26.8125
2026-10-05T01:53:44Z,59,1E-5,I,-4768.97,111.1,58,26.8125
2026-10-05T01:54:44Z,59,1E-5,I,-4737.93,130.9,58,26.8125
2026-10-05T01:55:44Z,59,1E-5,N,-4803.45,109.2,58,26.8125
2026-10-05T01:56:45Z,59,1E-6,N,-4803.45,119.9,58,26.8125
2026-10-05T01:57:45Z,59,1E-6,I,-4755.17,123.1,58,26.8125
2026-10-05T01:58:45Z,59,1E-6,I,-4787.93,144.0,58,26.8125
2026-10-05T01:59:45Z,59,1E-6,N,-4805.17,114.6,58,26.875
2026-10-05T02:00:46Z,59,1E-7,N,-4777.59,112.5,58,26.875
2026-10-05T02:01:46Z,59,1E-7,I,-4789.66,118.0,58,26.875
2026-10-05T02:02:46Z,59,1E-7,I,-4782.76,114.2,58,26.875
2026-10-05T02:03:46Z,59,1E-7,N,-4772.41,108.9,58,26.875
2026-10-05T02:04:47Z,59,1E-7,Z,-4793.1,118.3,58,26.875
2026-10-05T02:05:47Z,60,1E-5,N,-4834.48,135.8,58,26.875
2026-10-05T02:06:47Z,60,1E-5,I,-4770.69,110.8,58,26.875
2026-10-05T02:07:47Z,60,1E-5,I,-4786.21,129.0,58,26.875
2026-10-05T02:08:48Z,60,1E-5,N,-4756.9,136.5,58,26.875
2026-10-05T02:09:48Z,60,1E-6,N,-4775.86,103.1,58,26.875
2026-10-05T02:10:48Z,60,1E-6,I,-4775.86,109.7,58,26.875
2026-10-05T02:11:48Z,60,1E-6,I,-4784.48,108.9,58,26.875
2026-10-05T02:12:49Z,60,1E-6,N,-4774.14,106.9,58,26.875
2026-10-05T02:13:49Z,60,1E-7,N,-4725.86,134.5,58,26.875
2026-10-05T02:14:49Z,60,1E-7,I,-4729.31,127.1,58,26.875
2026-10-05T02:15:49Z,60,1E-7,I,-4729.31,128.4,58,26.875
2026-10-05T02:16:50Z,60,1E-7,N,-4743.1,123.0,58,26.875
2026-10-05T02:17:50Z,60,1E-7,Z,-4768.97,109.6,58,26.8125
2026-10-05T02:18:50Z,61,1E-5,N,-4744.83,121.6,58,26.8125
2026-10-05T02:19:51Z,61,1E-5,I,-4717.24,117.2,58,26.8125
2026-10-05T02:20:51Z,61,1E-5,I,-4687.93,107.7,58,26.8125
2026-10-05T02:21:51Z,61,1E-5,N,-4725.86,138.4,58,26.8125
2026-10-05T02:22:51Z,61,1E-6,N,-4727.59,119.6,58,26.8125
2026-10-05T02:23:52Z,61,1E-6,I,-4705.17,126.2,58,26.8125
2026-10-05T02:24:52Z,61,1E-6,I,-4693.1,129.6,58,26.8125
2026-10-05T02:25:52Z,61,1E-6,N,-4717.24,111.0,58,26.8125
2026-10-05T02:26:53Z,61,1E-7,N,-4643.1,125.8,58,26.8125
2026-10-05T02:27:53Z,61,1E-7,I,-4663.79,108.7,58,26.8125
2026-10-05T02:28:53Z,61,1E-7,I,-4681.03,119.1,58,26.8125
2026-10-05T02:29:53Z,61,1E-7,N,-4646.55,136.6,58,26.8125
2026-10-05T02:30:53Z,61,1E-7,Z,-4681.03,119.1,58,26.8125
2026-10-05T02:31:54Z,62,1E-5,N,-4681.03,137.0,58,26.8125
2026-10-05T02:32:54Z,62,1E-5,I,-4700.0,128.4,58,26.8125
2026-10-05T02:33:54Z,62,1E-5,I,-4694.83,127.6,58,26.8125
2026-10-05T02:34:54Z,62,1E-5,N,-4701.72,124.9,58,26.8125
2026-10-05T02:35:55Z,62,1E-6,N,-4725.86,139.6,58,26.8125
2026-10-05T02:36:55Z,62,1E-6,I,-4663.79,141.0,58,26.8125
2026-10-05T02:37:55Z,62,1E-6,I,-4663.79,119.5,58,26.8125
2026-10-05T02:38:56Z,62,1E-6,N,-4650.0,124.6,58,26.8125
2026-10-05T02:39:56Z,62,1E-7,N,-4691.38,141.8,58,26.75
2026-10-05T02:40:56Z,62,1E-7,I,-4686.21,124.9,58,26.75
2026-10-05T02:41:56Z,62,1E-7,I,-4720.69,133.5,58,26.75
2026-10-05T02:42:57Z,62,1E-7,N,-4700.0,121.4,58,26.75
2026-10-05T02:43:57Z,62,1E-7,Z,-4682.76,120.1,58,26.75
2026-10-05T02:44:57Z,63,1E-5,N,-4662.07,116.7,58,26.75
2026-10-05T02:45:57Z,63,1E-5,I,-4656.9,129.9,58,26.75
2026-10-05T02:46:57Z,63,1E-5,I,-4651.72,118.8,58,26.75
2026-10-05T02:47:58Z,63,1E-5,N,-4679.31,113.6,58,26.75
2026-10-05T02:48:58Z,63,1E-6,N,-4696.55,116.9,58,26.75
2026-10-05T02:49:59Z,63,1E-6,I,-4670.69,120.0,58,26.75
2026-10-05T02:50:59Z,63,1E-6,I,-4662.07,137.4,58,26.75
2026-10-05T02:51:59Z,63,1E-6,N,-4603.45,124.2,58,26.75
2026-10-05T02:52:59Z,63,1E-7,N,-4646.55,135.4,58,26.75
2026-10-05T02:54:00Z,63,1E-7,I,-4668.97,104.6,58,26.75
2026-10-05T02:55:00Z,63,1E-7,I,-4627.59,107.3,58,26.75
2026-10-05T02:56:00Z,63,1E-7,N,-4650.0,124.6,58,26.75
2026-10-05T02:57:00Z,63,1E-7,Z,-4643.1,148.8,58,26.6875
2026-10-05T02:58:00Z,64,1E-5,N,-4668.97,115.8,58,26.6875
2026-10-05T02:59:01Z,64,1E-5,I,-4675.86,138.0,58,26.6875
2026-10-05T03:00:01Z,64,1E-5,I,-4663.79,130.7,58,26.6875
2026-10-05T03:01:01Z,64,1E-5,N,-4636.21,107.1,58,26.6875
2026-10-05T03:02:02Z,64,1E-6,N,-4631.03,124.5,58,26.6875
2026-10-05T03:03:02Z,64,1E-6,I,-4565.52,135.8,58,26.6875
2026-10-05T03:04:02Z,64,1E-6,I,-4586.21,139.5,58,26.6875
2026-10-05T03:05:02Z,64,1E-6,N,-4668.97,134.0,58,26.6875
2026-10-05T03:06:03Z,64,1E-7,N,-4665.52,108.5,58,26.6875
2026-10-05T03:07:03Z,64,1E-7,I,-4668.97,109.6,58,26.6875
2026-10-05T03:08:03Z,64,1E-7,I,-4674.14,137.1,58,26.6875
2026-10-05T03:09:03Z,64,1E-7,N,-4703.45,122.8,58,26.6875
2026-10-05T03:10:04Z,64,1E-7,Z,-4682.76,117.2,58,26.6875
2026-10-05T03:11:04Z,65,1E-5,N,-4658.62,125.7,58,26.6875
2026-10-05T03:12:04Z,65,1E-5,I,-4686.21,123.5,58,26.6875
2026-10-05T03:13:04Z,65,1E-5,I,-4712.07,118.6,58,26.6875
2026-10-05T03:14:05Z,65,1E-5,N,-4710.34,116.5,58,26.6875
2026-10-05T03:15:05Z,65,1E-6,N,-4715.52,112.1,58,26.6875
2026-10-05T03:16:05Z,65,1E-6,I,-4718.97,111.5,58,26.6875
2026-10-05T03:17:05Z,65,1E-6,I,-4739.66,119.9,58,26.6875
2026-10-05T03:18:06Z,65,1E-6,N,-4737.93,138.7,58,26.6875
2026-10-05T03:19:06Z,65,1E-7,N,-4715.52,118.2,58,26.6875
2026-10-05T03:20:06Z,65,1E-7,I,-4743.1,137.8,58,26.6875
2026-10-05T03:21:06Z,65,1E-7,I,-4684.48,149.6,58,26.6875
2026-10-05T03:22:07Z,65,1E-7,N,-4718.97,130.4,58,26.6875
2026-10-05T03:23:07Z,65,1E-7,Z,-4734.48,138.4,58,26.6875
2026-10-05T03:24:07Z,66,1E-5,N,-4724.14,97.9,58,26.6875
2026-10-05T03:25:08Z,66,1E-5,I,-4793.1,154.3,58,26.6875
2026-10-05T03:26:08Z,66,1E-5,I,-4732.76,113.0,58,26.6875
2026-10-05T03:27:08Z,66,1E-5,N,-4710.34,126.6,58,26.6875
2026-10-05T03:28:08Z,66,1E-6,N,-4725.86,119.3,58,26.6875
2026-10-05T03:29:09Z,66,1E-6,I,-4746.55,104.7,58,26.6875
2026-10-05T03:30:09Z,66,1E-6,I,-4722.41,112.5,58,26.75
2026-10-05T03:31:09Z,66,1E-6,N,-4758.62,137.7,58,26.75
2026-10-05T03:32:09Z,66,1E-7,N,-4750.0,138.0,58,26.75
2026-10-05T03:33:10Z,66,1E-7,I,-4694.83,94.4,58,26.75
2026-10-05T03:34:10Z,66,1E-7,I,-4763.79,116.5,58,26.75
2026-10-05T03:35:10Z,66,1E-7,N,-4732.76,133.0,58,26.75
2026-10-05T03:36:10Z,66,1E-7,Z,-4710.34,126.6,58,26.75
2026-10-05T03:37:11Z,67,1E-5,N,-4725.86,123.6,58,26.75
2026-10-05T03:38:11Z,67,1E-5,I,-4720.69,122.5,58,26.75
2026-10-05T03:39:11Z,67,1E-5,I,-4755.17,121.6,58,26.75
2026-10-05T03:40:11Z,67,1E-5,N,-4751.72,117.3,58,26.75
2026-10-05T03:41:12Z,67,1E-6,N,-4760.34,93.5,58,26.75
2026-10-05T03:42:12Z,67,1E-6,I,-4736.21,111.9,58,26.75
2026-10-05T03:43:12Z,67,1E-6,I,-4731.03,127.3,58,26.75
2026-10-05T03:44:13Z,67,1E-6,N,-4744.83,120.2,58,26.75
2026-10-05T03:45:13Z,67,1E-7,N,-4708.62,115.9,58,26.75
2026-10-05T03:46:13Z,67,1E-7,I,-4743.1,125.8,58,26.75
2026-10-05T03:47:13Z,67,1E-7,I,-4718.97,108.3,58,26.75
2026-10-05T03:48:14Z,67,1E-7,N,-4694.83,119.1,58,26.75
2026-10-05T03:49:14Z,67,1E-7,Z,-4789.66,128.0,58,26.75
2026-10-05T03:50:14Z,68,1E-5,N,-4765.52,126.4,58,26.75
2026-10-05T03:51:14Z,68,1E-5,I,-4748.28,121.7,58,26.75
2026-10-05T03:52:14Z,68,1E-5,I,-4724.14,109.7,58,26.75
2026-10-05T03:53:15Z,68,1E-5,N,-4677.59,125.7,58,26.75
2026-10-05T03:54:15Z,68,1E-6,N,-4720.69,129.5,58,26.75
2026-10-05T03:55:16Z,68,1E-6,I,-4734.48,133.2,58,26.75
2026-10-05T03:56:16Z,68,1E-6,I,-4737.93,112.1,58,26.75
2026-10-05T03:57:16Z,68,1E-6,N,-4739.66,109.1,58,26.75
2026-10-05T03:58:16Z,68,1E-7,N,-4748.28,123.2,58,26.75
2026-10-05T03:59:17Z,68,1E-7,I,-4753.45,128.7,58,26.75
2026-10-05T04:00:17Z,68,1E-7,I,-4762.07,133.5,58,26.75
2026-10-05T04:01:17Z,68,1E-7,N,-4772.41,128.1,58,26.75
2026-10-05T04:02:17Z,68,1E-7,Z,-4739.66,129.7,58,26.75
2026-10-05T04:03:17Z,69,1E-5,N,-4743.1,146.4,58,26.75
2026-10-05T04:04:18Z,69,1E-5,I,-4744.83,131.4,58,26.75
2026-10-05T04:05:18Z,69,1E-5,I,-4750.0,118.8,58,26.75
2026-10-05T04:06:18Z,69,1E-5,N,-4770.69,121.4,58,26.75
2026-10-05T04:07:19Z,69,1E-6,N,-4737.93,122.6,58,26.75
2026-10-05T04:08:19Z,69,1E-6,I,-4720.69,126.7,58,26.75
2026-10-05T04:09:19Z,69,1E-6,I,-4744.83,135.3,58,26.75
2026-10-05T04:10:19Z,69,1E-6,N,-4706.9,122.6,58,26.75
2026-10-05T04:11:20Z,69,1E-7,N,-4679.31,116.6,58,26.75
2026-10-05T04:12:20Z,69,1E-7,I,-4722.41,143.9,58,26.75
2026-10-05T04:13:20Z,69,1E-7,I,-4744.83,109.5,58,26.75
2026-10-05T04:14:20Z,69,1E-7,N,-4743.1,125.8,58,26.75
2026-10-05T04:15:21Z,69,1E-7,Z,-4758.62,125.7,58,26.75
2026-10-05T04:16:21Z,70,1E-5,N,-4734.48,133.2,58,26.75
2026-10-05T04:17:21Z,70,1E-5,I,-4708.62,132.8,58,26.75
2026-10-05T04:18:21Z,70,1E-5,I,-4672.41,138.7,58,26.75
2026-10-05T04:19:22Z,70,1E-5,N,-4736.21,123.8,58,26.75
2026-10-05T04:20:22Z,70,1E-6,N,-4732.76,124.8,58,26.75
2026-10-05T04:21:22Z,70,1E-6,I,-4729.31,135.1,58,26.75
2026-10-05T04:22:22Z,70,1E-6,I,-4725.86,131.9,58,26.75
2026-10-05T04:23:23Z,70,1E-6,N,-4724.14,134.2,58,26.75
2026-10-05T04:24:23Z,70,1E-7,N,-4720.69,130.8,58,26.75
2026-10-05T04:25:23Z,70,1E-7,I,-4753.45,130.1,58,26.75
2026-10-05T04:26:23Z,70,1E-7,I,-4775.86,118.9,58,26.75
2026-10-05T04:27:24Z,70,1E-7,N,-4753.45,127.3,58,26.75
2026-10-05T04:28:24Z,70,1E-7,Z,-4751.72,140.5,58,26.75
2026-10-05T04:29:24Z,71,1E-5,N,-4741.38,124.3,58,26.75
2026-10-05T04:30:25Z,71,1E-5,I,-4701.72,100.0,58,26.75
2026-10-05T04:31:25Z,71,1E-5,I,-4731.03,112.7,58,26.75
2026-10-05T04:32:25Z,71,1E-5,N,-4700.0,121.4,58,26.75
2026-10-05T04:33:25Z,71,1E-6,N,-4693.1,105.7,58,26.75
2026-10-05T04:34:26Z,71,1E-6,I,-4687.93,117.1,58,26.75
2026-10-05T04:35:26Z,71,1E-6,I,-4660.34,121.3,58,26.75
2026-10-05T04:36:26Z,71,1E-6,N,-4720.69,113.6,58,26.75
2026-10-05T04:37:26Z,71,1E-7,N,-4700.0,127.0,58,26.75
2026-10-05T04:38:27Z,71,1E-7,I,-4715.52,121.1,58,26.75
2026-10-05T04:39:27Z,71,1E-7,I,-4708.62,127.4,58,26.75
2026-10-05T04:40:27Z,71,1E-7,N,-4700.0,136.4,58,26.6875
2026-10-05T04:41:27Z,71,1E-7,Z,-4706.9,132.3,58,26.75
2026-10-05T04:42:28Z,72,1E-5,N,-4718.97,120.6,58,26.6875
2026-10-05T04:43:28Z,72,1E-5,I,-4689.66,132.0,58,26.6875
2026-10-05T04:44:28Z,72,1E-5,I,-4693.1,109.0,58,26.6875
2026-10-05T04:45:28Z,72,1E-5,N,-4644.83,112.7,58,26.6875
2026-10-05T04:46:29Z,72,1E-6,N,-4681.03,113.1,58,26.6875
2026-10-05T04:47:29Z,72,1E-6,I,-4705.17,133.0,58,26.6875
2026-10-05T04:48:29Z,72,1E-6,I,-4696.55,135.0,58,26.6875
2026-10-05T04:49:29Z,72,1E-6,N,-4684.48,125.4,58,26.6875
2026-10-05T04:50:30Z,72,1E-7,N,-4743.1,117.1,58,26.6875
2026-10-05T04:51:30Z,72,1E-7,I,-4756.9,125.8,58,26.6875
2026-10-05T04:52:30Z,72,1E-7,I,-4751.72,112.8,58,26.6875
2026-10-05T04:53:31Z,72,1E-7,N,-4693.1,105.7,58,26.6875
2026-10-05T04:54:31Z,72,1E-7,Z,-4722.41,118.5,58,26.6875
2026-10-05T04:55:31Z,73,1E-5,N,-4729.31,131.1,58,26.6875
2026-10-05T04:56:31Z,73,1E-5,I,-4744.83,106.2,58,26.6875
2026-10-05T04:57:31Z,73,1E-5,I,-4748.28,115.8,58,26.6875
2026-10-05T04:58:32Z,73,1E-5,N,-4687.93,121.5,58,26.6875
2026-10-05T04:59:32Z,73,1E-6,N,-4605.17,123.4,58,26.6875
2026-10-05T05:00:32Z,73,1E-6,I,-4663.79,118.0,58,26.6875
2026-10-05T05:01:33Z,73,1E-6,I,-4662.07,125.4,58,26.6875
2026-10-05T05:02:33Z,73,1E-6,N,-4693.1,128.2,58,26.6875
2026-10-05T05:03:33Z,73,1E-7,N,-4682.76,124.4,58,26.6875
2026-10-05T05:04:34Z,73,1E-7,I,-4682.76,130.0,58,26.6875
2026-10-05T05:05:34Z,73,1E-7,I,-4689.66,108.7,58,26.6875
2026-10-05T05:06:34Z,73,1E-7,N,-4660.34,124.2,58,26.6875
2026-10-05T05:07:34Z,73,1E-7,Z,-4653.45,142.9,58,26.6875
2026-10-05T05:08:34Z,74,1E-5,N,-4655.17,102.9,58,26.625
2026-10-05T05:09:35Z,74,1E-5,I,-4644.83,117.2,58,26.625
2026-10-05T05:10:35Z,74,1E-5,I,-4708.62,103.1,58,26.625
2026-10-05T05:11:35Z,74,1E-5,N,-4715.52,133.5,58,26.625
2026-10-05T05:12:36Z,74,1E-6,N,-4737.93,144.9,58,26.625
2026-10-05T05:13:36Z,74,1E-6,I,-4693.1,126.9,58,26.625
2026-10-05T05:14:36Z,74,1E-6,I,-4684.48,125.4,58,26.625
2026-10-05T05:15:36Z,74,1E-6,N,-4715.52,136.1,58,26.625
2026-10-05T05:16:37Z,74,1E-7,N,-4684.48,108.9,58,26.625
2026-10-05T05:17:37Z,74,1E-7,I,-4686.21,150.4,58,26.625
2026-10-05T05:18:37Z,74,1E-7,I,-4710.34,115.0,58,26.625
2026-10-05T05:19:37Z,74,1E-7,N,-4691.38,121.8,58,26.625
2026-10-05T05:20:38Z,74,1E-7,Z,-4703.45,118.4,58,26.625
2026-10-05T05:21:38Z,75,1E-5,N,-4724.14,135.5,58,26.625
2026-10-05T05:22:38Z,75,1E-5,I,-4691.38,126.1,58,26.625
2026-10-05T05:23:38Z,75,1E-5,I,-4693.1,109.0,58,26.625
2026-10-05T05:24:39Z,75,1E-5,N,-4744.83,132.7,58,26.5625
2026-10-05T05:25:39Z,75,1E-6,N,-4641.38,122.9,58,26.5625
2026-10-05T05:26:39Z,75,1E-6,I,-4700.0,102.6,58,26.5625
2026-10-05T05:27:39Z,75,1E-6,I,-4682.76,104.5,58,26.5625
2026-10-05T05:28:40Z,75,1E-6,N,-4675.86,120.4,58,26.5625
2026-10-05T05:29:40Z,75,1E-7,N,-4629.31,122.8,58,26.5625
2026-10-05T05:30:40Z,75,1E-7,I,-4693.1,109.0,58,26.5625
2026-10-05T05:31:40Z,75,1E-7,I,-4670.69,122.8,58,26.5625
2026-10-05T05:32:41Z,75,1E-7,N,-4698.28,124.9,58,26.5625
2026-10-05T05:33:41Z,75,1E-7,Z,-4674.14,122.2,58,26.5625
2026-10-05T05:34:41Z,76,1E-5,N,-4684.48,121.1,58,26.5
2026-10-05T05:35:42Z,76,1E-5,I,-4646.55,112.7,58,26.5
2026-10-05T05:36:42Z,76,1E-5,I,-4631.03,121.7,58,26.5
2026-10-05T05:37:42Z,76,1E-5,N,-4696.55,132.4,58,26.5
2026-10-05T05:38:42Z,76,1E-6,N,-4646.55,131.4,58,26.5
2026-10-05T05:39:43Z,76,1E-6,I,-4682.76,134.0,58,26.5
2026-10-05T05:40:43Z,76,1E-6,I,-4705.17,130.3,58,26.5
2026-10-05T05:41:43Z,76,1E-6,N,-4679.31,112.0,58,26.5
2026-10-05T05:42:43Z,76,1E-7,N,-4722.41,129.8,58,26.5
2026-10-05T05:43:44Z,76,1E-7,I,-4636.21,116.5,58,26.5
2026-10-05T05:44:44Z,76,1E-7,I,-4710.34,123.8,58,26.4375
2026-10-05T05:45:44Z,76,1E-7,N,-4705.17,139.5,58,26.4375
2026-10-05T05:46:44Z,76,1E-7,Z,-4681.03,120.6,58,26.4375
2026-10-05T05:47:45Z,77,1E-5,N,-4632.76,114.5,58,26.4375
2026-10-05T05:48:45Z,77,1E-5,I,-4682.76,115.7,58,26.4375
2026-10-05T05:49:45Z,77,1E-5,I,-4665.52,113.2,58,26.4375
2026-10-05T05:50:45Z,77,1E-5,N,-4660.34,147.4,58,26.4375
2026-10-05T05:51:46Z,77,1E-6,N,-4643.1,121.6,58,26.4375
2026-10-05T05:52:46Z,77,1E-6,I,-4672.41,124.0,58,26.4375
2026-10-05T05:53:46Z,77,1E-6,I,-4648.28,104.7,58,26.4375
2026-10-05T05:54:46Z,77,1E-6,N,-4637.93,100.6,58,26.4375
2026-10-05T05:55:47Z,77,1E-7,N,-4632.76,126.2,58,26.375
2026-10-05T05:56:47Z,77,1E-7,I,-4668.97,123.1,58,26.375
2026-10-05T05:57:47Z,77,1E-7,I,-4650.0,123.2,58,26.375
2026-10-05T05:58:48Z,77,1E-7,N,-4662.07,140.0,58,26.375
2026-10-05T05:59:48Z,77,1E-7,Z,-4598.28,88.8,58,26.375
2026-10-05T06:00:48Z,78,1E-5,N,-4646.55,148.9,58,26.375
2026-10-05T06:01:48Z,78,1E-5,I,-4687.93,139.0,58,26.375
2026-10-05T06:02:48Z,78,1E-5,I,-4681.03,126.3,58,26.375
2026-10-05T06:03:49Z,78,1E-5,N,-4662.07,130.9,58,26.375
2026-10-05T06:04:49Z,78,1E-6,N,-4608.62,114.4,58,26.3125
2026-10-05T06:05:49Z,78,1E-6,I,-4618.97,146.8,58,26.3125
2026-10-05T06:06:49Z,78,1E-6,I,-4605.17,105.0,58,26.3125
2026-10-05T06:07:50Z,78,1E-6,N,-4644.83,144.1,58,26.3125
2026-10-05T06:08:50Z,78,1E-7,N,-4589.66,113.5,58,26.3125
2026-10-05T06:09:51Z,78,1E-7,I,-4665.52,120.7,58,26.3125
2026-10-05T06:10:51Z,78,1E-7,I,-4650.0,132.8,58,26.3125
2026-10-05T06:11:51Z,78,1E-7,N,-4596.55,119.9,58,26.3125
2026-10-05T06:12:51Z,78,1E-7,Z,-4601.72,116.2,58,26.3125
2026-10-05T06:13:51Z,79,1E-5,N,-4682.76,142.8,58,26.3125
2026-10-05T06:14:52Z,79,1E-5,I,-4644.83,127.3,58,26.25
2026-10-05T06:15:52Z,79,1E-5,I,-4644.83,120.2,58,26.25
2026-10-05T06:16:52Z,79,1E-5,N,-4624.14,128.8,58,26.25
2026-10-05T06:17:52Z,79,1E-6,N,-4610.34,120.9,58,26.25
2026-10-05T06:18:53Z,79,1E-6,I,-4625.86,126.4,58,26.25
2026-10-05T06:19:53Z,79,1E-6,I,-4613.79,139.5,58,26.25
2026-10-05T06:20:53Z,79,1E-6,N,-4615.52,100.5,58,26.25
2026-10-05T06:21:54Z,79,1E-7,N,-4610.34,136.0,58,26.25
2026-10-05T06:22:54Z,79,1E-7,I,-4648.28,118.8,58,26.1875
2026-10-05T06:23:54Z,79,1E-7,I,-4675.86,118.9,58,26.1875
2026-10-05T06:24:54Z,79,1E-7,N,-4610.34,111.9,58,26.1875
2026-10-05T06:25:54Z,79,1E-7,Z,-4634.48,147.0,58,26.1875
2026-10-05T06:26:55Z,80,1E-5,N,-4603.45,113.9,58,26.1875
2026-10-05T06:27:55Z,80,1E-5,I,-4591.38,111.3,58,26.1875
2026-10-05T06:28:55Z,80,1E-5,I,-4579.31,123.9,58,26.1875
2026-10-05T06:29:55Z,80,1E-5,N,-4637.93,107.3,58,26.1875
2026-10-05T06:30:56Z,80,1E-6,N,-4579.31,102.2,58,26.1875
2026-10-05T06:31:56Z,80,1E-6,I,-4574.14,134.5,58,26.1875
2026-10-05T06:32:56Z,80,1E-6,I,-4581.03,129.0,58,26.125
2026-10-05T06:33:57Z,80,1E-6,N,-4625.86,125.0,58,26.125
2026-10-05T06:34:57Z,80,1E-7,N,-4570.69,114.0,58,26.125
2026-10-05T06:35:57Z,80,1E-7,I,-4572.41,119.6,58,26.125
2026-10-05T06:36:57Z,80,1E-7,I,-4601.72,131.8,58,26.125
2026-10-05T06:37:58Z,80,1E-7,N,-4600.0,125.7,58,26.125
2026-10-05T06:38:58Z,80,1E-7,Z,-4644.83,118.7,58,26.125
2026-10-05T06:39:58Z,81,1E-5,N,-4643.1,148.8,58,26.125
2026-10-05T06:40:59Z,81,1E-5,I,-4646.55,111.2,58,26.125
2026-10-05T06:41:59Z,81,1E-5,I,-4612.07,107.7,58,26.0625
2026-10-05T06:42:59Z,81,1E-5,N,-4641.38,112.4,58,26.0625
2026-10-05T06:43:59Z,81,1E-6,N,-4665.52,114.8,58,26.0625
2026-10-05T06:45:00Z,81,1E-6,I,-4631.03,121.7,58,26.0625
2026-10-05T06:46:00Z,81,1E-6,I,-4639.66,118.4,58,26.0625
2026-10-05T06:47:00Z,81,1E-6,N,-4598.28,122.1,58,26.0625
2026-10-05T06:48:00Z,81,1E-7,N,-4613.79,123.5,58,26.0625
2026-10-05T06:49:01Z,81,1E-7,I,-4672.41,119.6,58,26.0625
2026-10-05T06:50:01Z,81,1E-7,I,-4660.34,133.7,58,26.0625
2026-10-05T06:51:01Z,81,1E-7,N,-4625.86,114.8,58,26.0
2026-10-05T06:52:01Z,81,1E-7,Z,-4608.62,120.4,58,26.0
2026-10-05T06:53:02Z,82,1E-5,N,-4689.66,98.6,58,26.0
2026-10-05T06:54:02Z,82,1E-5,I,-4656.9,131.3,58,26.0
2026-10-05T06:55:02Z,82,1E-5,I,-4584.48,108.9,58,26.0
2026-10-05T06:56:02Z,82,1E-5,N,-4586.21,123.5,58,26.0
2026-10-05T06:57:03Z,82,1E-6,N,-4594.83,131.7,58,26.0
2026-10-05T06:58:03Z,82,1E-6,I,-4613.79,130.4,58,26.0
2026-10-05T06:59:03Z,82,1E-6,I,-4634.48,123.6,58,26.0
2026-10-05T07:00:03Z,82,1E-6,N,-4586.21,126.3,58,26.0
2026-10-05T07:01:04Z,82,1E-7,N,-4568.97,125.9,58,25.9375
2026-10-05T07:02:04Z,82,1E-7,I,-4651.72,120.3,58,25.9375
2026-10-05T07:03:04Z,82,1E-7,I,-4627.59,133.5,58,25.9375
2026-10-05T07:04:04Z,82,1E-7,N,-4620.69,119.6,58,25.9375
2026-10-05T07:05:05Z,82,1E-7,Z,-4644.83,111.1,58,25.9375
2026-10-05T07:06:05Z,83,1E-5,N,-4655.17,125.9,58,25.9375
2026-10-05T07:07:05Z,83,1E-5,I,-4625.86,108.5,58,25.9375
2026-10-05T07:08:05Z,83,1E-5,I,-4600.0,102.6,58,25.9375
2026-10-05T07:09:06Z,83,1E-5,N,-4617.24,112.6,58,25.9375
2026-10-05T07:10:06Z,83,1E-6,N,-4629.31,112.4,58,25.9375
2026-10-05T07:11:06Z,83,1E-6,I,-4591.38,132.8,58,25.875
2026-10-05T07:12:06Z,83,1E-6,I,-4593.1,121.2,58,25.875
2026-10-05T07:13:07Z,83,1E-6,N,-4620.69,118.1,58,25.875
2026-10-05T07:14:07Z,83,1E-7,N,-4600.0,107.6,58,25.875
2026-10-05T07:15:08Z,83,1E-7,I,-4655.17,124.5,58,25.875
2026-10-05T07:16:08Z,83,1E-7,I,-4612.07,122.9,58,25.875
2026-10-05T07:17:08Z,83,1E-7,N,-4624.14,127.5,58,25.875
2026-10-05T07:18:08Z,83,1E-7,Z,-4572.41,137.4,58,25.875
2026-10-05T07:19:08Z,84,1E-5,N,-4617.24,127.2,58,25.875
2026-10-05T07:20:09Z,84,1E-5,I,-4610.34,113.5,58,25.875
2026-10-05T07:21:09Z,84,1E-5,I,-4594.83,105.0,58,25.8125
2026-10-05T07:22:09Z,84,1E-5,N,-4601.72,137.0,58,25.8125
2026-10-05T07:23:09Z,84,1E-6,N,-4601.72,144.5,58,25.8125
2026-10-05T07:24:10Z,84,1E-6,I,-4629.31,136.4,58,25.8125
2026-10-05T07:25:10Z,84,1E-6,I,-4560.34,104.2,58,25.8125
2026-10-05T07:26:10Z,84,1E-6,N,-4572.41,118.2,58,25.8125
2026-10-05T07:27:11Z,84,1E-7,N,-4612.07,131.2,58,25.8125
2026-10-05T07:28:11Z,84,1E-7,I,-4643.1,142.8,58,25.8125
2026-10-05T07:29:11Z,84,1E-7,I,-4603.45,129.7,58,25.8125
2026-10-05T07:30:11Z,84,1E-7,N,-4605.17,117.6,58,25.8125
2026-10-05T07:31:11Z,84,1E-7,Z,-4618.97,131.7,58,25.75
2026-10-05T07:32:12Z,85,1E-5,N,-4534.48,116.3,58,25.75
2026-10-05T07:33:12Z,85,1E-5,I,-4593.1,130.9,58,25.75
2026-10-05T07:34:12Z,85,1E-5,I,-4610.34,115.0,58,25.75
2026-10-05T07:35:12Z,85,1E-5,N,-4575.86,134.2,58,25.75
2026-10-05T07:36:13Z,85,1E-6,N,-4574.14,106.9,58,25.75
2026-10-05T07:37:13Z,85,1E-6,I,-4537.93,122.6,58,25.75
2026-10-05T07:38:13Z,85,1E-6,I,-4579.31,133.5,58,25.75
2026-10-05T07:39:14Z,85,1E-6,N,-4610.34,108.7,58,25.75
2026-10-05T07:40:14Z,85,1E-7,N,-4596.55,133.7,58,25.75
2026-10-05T07:41:14Z,85,1E-7,I,-4582.76,123.0,58,25.6875
2026-10-05T07:42:14Z,85,1E-7,I,-4620.69,122.5,58,25.6875
2026-10-05T07:43:15Z,85,1E-7,N,-4603.45,129.7,58,25.6875
2026-10-05T07:44:15Z,85,1E-7,Z,-4637.93,112.1,58,25.6875
2026-10-05T07:45:15Z,86,1E-5,N,-4631.03,125.9,58,25.6875
2026-10-05T07:46:15Z,86,1E-5,I,-4653.45,118.8,58,25.6875
2026-10-05T07:47:15Z,86,1E-5,I,-4634.48,116.3,58,25.6875
2026-10-05T07:48:16Z,86,1E-5,N,-4586.21,140.7,58,25.6875
2026-10-05T07:49:16Z,86,1E-6,N,-4536.21,100.3,58,25.6875
2026-10-05T07:50:17Z,86,1E-6,I,-4563.79,115.0,58,25.6875
2026-10-05T07:51:17Z,86,1E-6,I,-4598.28,114.7,58,25.6875
2026-10-05T07:52:17Z,86,1E-6,N,-4591.38,126.1,58,25.625
2026-10-05T07:53:17Z,86,1E-7,N,-4643.1,142.8,58,25.625
2026-10-05T07:54:18Z,86,1E-7,I,-4591.38,124.7,58,25.625
2026-10-05T07:55:18Z,86,1E-7,I,-4618.97,140.7,58,25.625
2026-10-05T07:56:18Z,86,1E-7,N,-4524.14,121.8,58,25.625
2026-10-05T07:57:18Z,86,1E-7,Z,-4582.76,127.2,58,25.625
2026-10-05T07:58:19Z,87,1E-5,N,-4555.17,90.2,58,25.625
2026-10-05T07:59:19Z,87,1E-5,I,-4600.0,119.9,58,25.625
2026-10-05T08:00:19Z,87,1E-5,I,-4618.97,124.9,58,25.625
2026-10-05T08:01:19Z,87,1E-5,N,-4644.83,131.4,58,25.625
2026-10-05T08:02:20Z,87,1E-6,N,-4577.59,97.4,58,25.5625
2026-10-05T08:03:20Z,87,1E-6,I,-4601.72,103.4,58,25.5625
2026-10-05T08:04:20Z,87,1E-6,I,-4570.69,127.1,58,25.5625
2026-10-05T08:05:20Z,87,1E-6,N,-4574.14,127.8,58,25.5625
2026-10-05T08:06:21Z,87,1E-7,N,-4574.14,126.4,58,25.5625
2026-10-05T08:07:21Z,87,1E-7,I,-4560.34,112.3,58,25.5625
2026-10-05T08:08:21Z,87,1E-7,I,-4567.24,103.3,58,25.5625
2026-10-05T08:09:21Z,87,1E-7,N,-4608.62,128.8,58,25.5625
2026-10-05T08:10:22Z,87,1E-7,Z,-4577.59,102.7,58,25.5625
2026-10-05T08:11:22Z,88,1E-5,N,-4572.41,134.8,58,25.5625
2026-10-05T08:12:22Z,88,1E-5,I,-4550.0,115.8,58,25.5
2026-10-05T08:13:22Z,88,1E-5,I,-4594.83,120.6,58,25.5
2026-10-05T08:14:23Z,88,1E-5,N,-4587.93,133.9,58,25.5
2026-10-05T08:15:23Z,88,1E-6,N,-4589.66,120.9,58,25.5
2026-10-05T08:16:23Z,88,1E-6,I,-4565.52,108.5,58,25.5
2026-10-05T08:17:23Z,88,1E-6,I,-4553.45,132.7,58,25.5
2026-10-05T08:18:24Z,88,1E-6,N,-4539.66,145.0,58,25.5
2026-10-05T08:19:24Z,88,1E-7,N,-4562.07,122.6,58,25.5
2026-10-05T08:20:24Z,88,1E-7,I,-4582.76,136.5,58,25.5
2026-10-05T08:21:24Z,88,1E-7,I,-4617.24,130.0,58,25.5
2026-10-05T08:22:25Z,88,1E-7,N,-4632.76,131.6,58,25.4375
2026-10-05T08:23:25Z,88,1E-7,Z,-4631.03,123.1,58,25.4375
2026-10-05T08:24:25Z,89,1E-5,N,-4601.72,130.4,58,25.4375
2026-10-05T08:25:26Z,89,1E-5,I,-4562.07,110.5,58,25.4375
2026-10-05T08:26:26Z,89,1E-5,I,-4605.17,113.0,58,25.4375
2026-10-05T08:27:26Z,89,1E-5,N,-4567.24,111.4,58,25.4375
2026-10-05T08:28:26Z,89,1E-6,N,-4579.31,115.1,58,25.4375
2026-10-05T08:29:27Z,89,1E-6,I,-4596.55,110.8,58,25.4375
2026-10-05T08:30:27Z,89,1E-6,I,-4568.97,112.7,58,25.4375
2026-10-05T08:31:27Z,89,1E-6,N,-4603.45,118.4,58,25.4375
2026-10-05T08:32:28Z,89,1E-7,N,-4589.66,128.0,58,25.375
2026-10-05T08:33:28Z,89,1E-7,I,-4551.72,111.2,58,25.375
2026-10-05T08:34:28Z,89,1E-7,I,-4479.31,118.1,58,25.375
2026-10-05T08:35:28Z,89,1E-7,N,-4568.97,123.1,58,25.375
2026-10-05T08:36:28Z,89,1E-7,Z,-4567.24,119.0,58,25.375
2026-10-05T08:37:29Z,90,1E-5,N,-4563.79,132.1,58,25.375
2026-10-05T08:38:29Z,90,1E-5,I,-4603.45,135.0,58,25.375
2026-10-05T08:39:29Z,90,1E-5,I,-4591.38,111.3,58,25.375
2026-10-05T08:40:29Z,90,1E-5,N,-4605.17,106.7,58,25.375
2026-10-05T08:41:30Z,90,1E-6,N,-4608.62,120.4,58,25.375
2026-10-05T08:42:30Z,90,1E-6,I,-4579.31,148.4,58,25.3125
2026-10-05T08:43:30Z,90,1E-6,I,-4548.28,149.0,58,25.3125
2026-10-05T08:44:31Z,90,1E-6,N,-4567.24,145.6,58,25.3125
2026-10-05T08:45:31Z,90,1E-7,N,-4584.48,150.8,58,25.3125
2026-10-05T08:46:31Z,90,1E-7,I,-4587.93,118.6,58,25.3125
2026-10-05T08:47:31Z,90,1E-7,I,-4543.1,123.0,58,25.3125
2026-10-05T08:48:32Z,90,1E-7,N,-4567.24,123.4,58,25.3125
2026-10-05T08:49:32Z,90,1E-7,Z,-4575.86,121.8,58,25.3125
2026-10-05T08:50:32Z,91,1E-5,N,-4537.93,119.7,58,25.3125
2026-10-05T08:51:32Z,91,1E-5,I,-4591.38,103.1,58,25.3125
2026-10-05T08:52:32Z,91,1E-5,I,-4591.38,109.7,58,25.3125
2026-10-05T08:53:33Z,91,1E-5,N,-4539.66,105.9,58,25.25
2026-10-05T08:54:33Z,91,1E-6,N,-4551.72,130.1,58,25.25
2026-10-05T08:55:34Z,91,1E-6,I,-4555.17,112.7,58,25.25
2026-10-05T08:56:34Z,91,1E-6,I,-4584.48,124.0,58,25.25
2026-10-05T08:57:34Z,91,1E-6,N,-4562.07,124.0,58,25.25
2026-10-05T08:58:34Z,91,1E-7,N,-4586.21,117.6,58,25.25
2026-10-05T08:59:35Z,91,1E-7,I,-4582.76,104.5,58,25.25
2026-10-05T09:00:35Z,91,1E-7,I,-4529.31,117.0,58,25.25
2026-10-05T09:01:35Z,91,1E-7,N,-4591.38,106.4,58,25.25
2026-10-05T09:02:35Z,91,1E-7,Z,-4543.1,117.1,58,25.25
2026-10-05T09:03:35Z,92,1E-5,N,-4522.41,125.7,58,25.25
2026-10-05T09:04:36Z,92,1E-5,I,-4579.31,119.6,58,25.1875
2026-10-05T09:05:36Z,92,1E-5,I,-4591.38,117.4,58,25.1875
2026-10-05T09:06:36Z,92,1E-5,N,-4537.93,132.2,58,25.1875
2026-10-05T09:07:37Z,92,1E-6,N,-4563.79,128.0,58,25.1875
2026-10-05T09:08:37Z,92,1E-6,I,-4605.17,129.0,58,25.1875
2026-10-05T09:09:37Z,92,1E-6,I,-4555.17,106.2,58,25.1875
2026-10-05T09:10:37Z,92,1E-6,N,-4562.07,122.6,58,25.1875
2026-10-05T09:11:38Z,92,1E-7,N,-4541.38,97.4,58,25.1875
2026-10-05T09:12:38Z,92,1E-7,I,-4551.72,126.0,58,25.1875
2026-10-05T09:13:38Z,92,1E-7,I,-4594.83,124.8,58,25.125
2026-10-05T09:14:38Z,92,1E-7,N,-4555.17,125.9,58,25.125
2026-10-05T09:15:39Z,92,1E-7,Z,-4536.21,137.3,58,25.125
2026-10-05T09:16:39Z,93,1E-5,N,-4601.72,100.0,58,25.125
2026-10-05T09:17:39Z,93,1E-5,I,-4581.03,137.0,58,25.125
2026-10-05T09:18:39Z,93,1E-5,I,-4546.55,108.0,58,25.125
2026-10-05T09:19:40Z,93,1E-5,N,-4587.93,129.9,58,25.125
2026-10-05T09:20:40Z,93,1E-6,N,-4556.9,132.6,58,25.125
2026-10-05T09:21:40Z,93,1E-6,I,-4546.55,118.8,58,25.125
2026-10-05T09:22:40Z,93,1E-6,I,-4556.9,125.8,58,25.125
2026-10-05T09:23:41Z,93,1E-6,N,-4591.38,141.8,58,25.125
2026-10-05T09:24:41Z,93,1E-7,N,-4489.66,118.0,58,25.125
2026-10-05T09:25:41Z,93,1E-7,I,-4553.45,134.1,58,25.125
2026-10-05T09:26:41Z,93,1E-7,I,-4520.69,132.1,58,25.125
2026-10-05T09:27:42Z,93,1E-7,N,-4517.24,130.0,58,25.125
2026-10-05T09:28:42Z,93,1E-7,Z,-4527.59,107.3,58,25.125
2026-10-05T09:29:42Z,94,1E-5,N,-4536.21,141.0,58,25.125
2026-10-05T09:30:43Z,94,1E-5,I,-4577.59,122.9,58,25.125
2026-10-05T09:31:43Z,94,1E-5,I,-4567.24,116.1,58,25.125
2026-10-05T09:32:43Z,94,1E-5,N,-4596.55,113.9,58,25.125
2026-10-05T09:33:43Z,94,1E-6,N,-4629.31,135.1,58,25.125
2026-10-05T09:34:44Z,94,1E-6,I,-4584.48,95.1,58,25.125
2026-10-05T09:35:44Z,94,1E-6,I,-4568.97,124.5,58,25.125
2026-10-05T09:36:44Z,94,1E-6,N,-4555.17,111.1,58,25.125
2026-10-05T09:37:45Z,94,1E-7,N,-4563.79,126.6,58,25.125
2026-10-05T09:38:45Z,94,1E-7,I,-4558.62,120.0,58,25.125
2026-10-05T09:39:45Z,94,1E-7,I,-4605.17,116.1,58,25.125
2026-10-05T09:40:45Z,94,1E-7,N,-4527.59,165.2,58,25.125
2026-10-05T09:41:45Z,94,1E-7,Z,-4608.62,111.3,58,25.125
2026-10-05T09:42:46Z,95,1E-5,N,-4584.48,118.2,58,25.125
2026-10-05T09:43:46Z,95,1E-5,I,-4605.17,141.9,58,25.125
2026-10-05T09:44:46Z,95,1E-5,I,-4572.41,125.4,58,25.125
2026-10-05T09:45:46Z,95,1E-5,N,-4615.52,113.6,58,25.125
2026-10-05T09:46:47Z,95,1E-6,N,-4612.07,137.7,58,25.125
2026-10-05T09:47:47Z,95,1E-6,I,-4629.31,120.0,58,25.125
2026-10-05T09:48:47Z,95,1E-6,I,-4665.52,130.5,58,25.125
2026-10-05T09:49:48Z,95,1E-6,N,-4662.07,112.1,58,25.125
2026-10-05T09:50:48Z,95,1E-7,N,-4668.97,127.3,58,25.125
2026-10-05T09:51:48Z,95,1E-7,I,-4596.55,113.9,58,25.125
2026-10-05T09:52:48Z,95,1E-7,I,-4574.14,122.2,58,25.125
2026-10-05T09:53:49Z,95,1E-7,N,-4596.55,107.5,58,25.125
2026-10-05T09:54:49Z,95,1E-7,Z,-4624.14,109.7,58,25.125
2026-10-05T09:55:49Z,96,1E-5,N,-4625.86,134.5,58,25.125
2026-10-05T09:56:49Z,96,1E-5,I,-4582.76,112.6,58,25.125
2026-10-05T09:57:49Z,96,1E-5,I,-4587.93,135.2,58,25.125
2026-10-05T09:58:50Z,96,1E-5,N,-4606.9,122.6,58,25.125
2026-10-05T09:59:50Z,96,1E-6,N,-4608.62,147.8,58,25.125
2026-10-05T10:00:51Z,96,1E-6,I,-4620.69,119.6,58,25.125
2026-10-05T10:01:51Z,96,1E-6,I,-4589.66,128.0,58,25.0625
2026-10-05T10:02:51Z,96,1E-6,N,-4636.21,125.2,58,25.0625
2026-10-05T10:03:51Z,96,1E-7,N,-4568.97,109.6,58,25.0625
2026-10-05T10:04:52Z,96,1E-7,I,-4579.31,128.1,58,25.0625
2026-10-05T10:05:52Z,96,1E-7,I,-4553.45,137.9,58,25.0625
2026-10-05T10:06:52Z,96,1E-7,N,-4574.14,105.2,58,25.0625
2026-10-05T10:07:52Z,96,1E-7,Z,-4560.34,109.1,58,25.0625
2026-10-05T10:08:52Z,97,1E-5,N,-4534.48,131.9,58,25.0625
2026-10-05T10:09:53Z,97,1E-5,I,-4558.62,132.5,58,25.0625
2026-10-05T10:10:53Z,97,1E-5,I,-4618.97,131.7,58,25.0625
2026-10-05T10:11:53Z,97,1E-5,N,-4562.07,116.7,58,25.0625
2026-10-05T10:12:54Z,97,1E-6,N,-4537.93,122.6,58,25.0
2026-10-05T10:13:54Z,97,1E-6,I,-4555.17,127.3,58,25.0
2026-10-05T10:14:54Z,97,1E-6,I,-4508.62,115.9,58,25.0
2026-10-05T10:15:54Z,97,1E-6,N,-4513.79,90.7,58,25.0
2026-10-05T10:16:55Z,97,1E-7,N,-4515.52,124.0,58,25.0
2026-10-05T10:17:55Z,97,1E-7,I,-4510.34,143.5,58,25.0
2026-10-05T10:18:55Z,97,1E-7,I,-4512.07,120.1,58,25.0
2026-10-05T10:19:55Z,97,1E-7,N,-4605.17,131.7,58,25.0
2026-10-05T10:20:56Z,97,1E-7,Z,-4517.24,115.7,58,25.0
2026-10-05T10:21:56Z,98,1E-5,N,-4532.76,133.0,58,25.0
2026-10-05T10:22:56Z,98,1E-5,I,-4486.21,144.4,58,24.9375
2026-10-05T10:23:56Z,98,1E-5,I,-4494.83,116.1,58,24.9375
2026-10-05T10:24:57Z,98,1E-5,N,-4541.38,124.3,58,24.9375
2026-10-05T10:25:57Z,98,1E-6,N,-4525.86,106.9,58,24.9375
2026-10-05T10:26:57Z,98,1E-6,I,-4553.45,120.3,58,24.9375
2026-10-05T10:27:57Z,98,1E-6,I,-4586.21,119.1,58,24.9375
2026-10-05T10:28:58Z,98,1E-6,N,-4529.31,125.7,58,24.9375
2026-10-05T10:29:58Z,98,1E-7,N,-4550.0,111.2,58,24.9375
2026-10-05T10:30:58Z,98,1E-7,I,-4567.24,122.0,58,24.9375
2026-10-05T10:31:58Z,98,1E-7,I,-4586.21,106.7,58,24.9375
2026-10-05T10:32:59Z,98,1E-7,N,-4510.34,110.3,58,24.875
2026-10-05T10:33:59Z,98,1E-7,Z,-4515.52,124.0,58,24.875
2026-10-05T10:34:59Z,99,1E-5,N,-4550.0,108.0,58,24.875
2026-10-05T10:36:00Z,99,1E-5,I,-4553.45,121.7,58,24.875
2026-10-05T10:37:00Z,99,1E-5,I,-4505.17,109.9,58,24.875
2026-10-05T10:38:00Z,99,1E-5,N,-4553.45,124.6,58,24.875
2026-10-05T10:39:00Z,99,1E-6,N,-4537.93,122.6,58,24.875
2026-10-05T10:40:01Z,99,1E-6,I,-4581.03,103.4,58,24.875
2026-10-05T10:41:01Z,99,1E-6,I,-4558.62,104.4,58,24.875
2026-10-05T10:42:01Z,99,1E-6,N,-4605.17,130.3,58,24.875
2026-10-05T10:43:01Z,99,1E-7,N,-4558.62,114.0,58,24.875
2026-10-05T10:44:02Z,99,1E-7,I,-4503.45,128.4,58,24.875
2026-10-05T10:45:02Z,99,1E-7,I,-4527.59,122.5,58,24.8125
2026-10-05T10:46:02Z,99,1E-7,N,-4581.03,130.4,58,24.8125
2026-10-05T10:47:02Z,99,1E-7,Z,-4551.72,104.7,58,24.8125
2026-10-05T10:48:03Z,100,1E-5,N,-4631.03,118.8,58,24.8125
2026-10-05T10:49:03Z,100,1E-5,I,-4560.34,110.7,58,24.8125
2026-10-05T10:50:03Z,100,1E-5,I,-4527.59,115.2,58,24.8125
2026-10-05T10:51:03Z,100,1E-5,N,-4556.9,124.4,58,24.8125
2026-10-05T10:52:04Z,100,1E-6,N,-4593.1,112.2,58,24.8125
2026-10-05T10:53:04Z,100,1E-6,I,-4565.52,122.2,58,24.8125
2026-10-05T10:54:04Z,100,1E-6,I,-4518.97,144.4,58,24.8125
2026-10-05T10:55:04Z,100,1E-6,N,-4532.76,130.3,58,24.8125
2026-10-05T10:56:05Z,100,1E-7,N,-4567.24,117.6,58,24.8125
2026-10-05T10:57:05Z,100,1E-7,I,-4513.79,126.3,58,24.75
2026-10-05T10:58:05Z,100,1E-7,I,-4518.97,149.2,58,24.75
2026-10-05T10:59:06Z,100,1E-7,N,-4520.69,138.6,58,24.8125
2026-10-05T11:00:06Z,100,1E-7,Z,-4555.17,137.9,58,24.8125
2026-10-05T11:01:06Z,101,1E-5,N,-4551.72,97.8,58,24.8125
2026-10-05T11:02:06Z,101,1E-5,I,-4586.21,114.6,58,24.8125
2026-10-05T11:03:06Z,101,1E-5,I,-4587.93,128.5,58,24.8125
2026-10-05T11:04:07Z,101,1E-5,N,-4531.03,103.0,58,24.8125
2026-10-05T11:05:07Z,101,1E-6,N,-4581.03,117.7,58,24.8125
2026-10-05T11:06:07Z,101,1E-6,I,-4570.69,115.5,58,24.8125
2026-10-05T11:07:08Z,101,1E-6,I,-4551.72,131.4,58,24.8125
2026-10-05T11:08:08Z,101,1E-6,N,-4605.17,120.6,58,24.75
2026-10-05T11:09:08Z,101,1E-7,N,-4568.97,121.7,58,24.75
2026-10-05T11:10:09Z,101,1E-7,I,-4550.0,103.0,58,24.75
2026-10-05T11:11:09Z,101,1E-7,I,-4577.59,106.0,58,24.75
2026-10-05T11:12:09Z,101,1E-7,N,-4517.24,145.3,58,24.75
2026-10-05T11:13:09Z,101,1E-7,Z,-4518.97,119.1,58,24.75
2026-10-05T11:14:09Z,102,1E-5,N,-4560.34,109.1,58,24.8125
2026-10-05T11:15:10Z,102,1E-5,I,-4550.0,135.4,58,24.8125
2026-10-05T11:16:10Z,102,1E-5,I,-4548.28,141.7,58,24.8125
2026-10-05T11:17:10Z,102,1E-5,N,-4596.55,107.5,58,24.8125
2026-10-05T11:18:11Z,102,1E-6,N,-4627.59,132.2,58,24.8125
2026-10-05T11:19:11Z,102,1E-6,I,-4581.03,111.5,58,24.8125
2026-10-05T11:20:11Z,102,1E-6,I,-4596.55,112.3,58,24.8125
2026-10-05T11:21:11Z,102,1E-6,N,-4650.0,124.6,58,24.8125
2026-10-05T11:22:12Z,102,1E-7,N,-4618.97,117.7,58,24.8125
2026-10-05T11:23:12Z,102,1E-7,I,-4579.31,125.3,58,24.8125
2026-10-05T11:24:12Z,102,1E-7,I,-4618.97,129.0,58,24.8125
2026-10-05T11:25:12Z,102,1E-7,N,-4629.31,140.2,58,24.8125
2026-10-05T11:26:13Z,102,1E-7,Z,-4605.17,131.7,58,24.8125
2026-10-05T11:27:13Z,103,1E-5,N,-4591.38,131.5,58,24.8125
2026-10-05T11:28:13Z,103,1E-5,I,-4587.93,117.1,58,24.8125
2026-10-05T11:29:13Z,103,1E-5,I,-4570.69,132.5,58,24.8125
2026-10-05T11:30:14Z,103,1E-5,N,-4596.55,121.3,58,24.8125
2026-10-05T11:31:14Z,103,1E-6,N,-4606.9,119.7,58,24.8125
2026-10-05T11:32:14Z,103,1E-6,I,-4579.31,121.0,58,24.8125
2026-10-05T11:33:14Z,103,1E-6,I,-4591.38,101.4,58,24.8125
2026-10-05T11:34:15Z,103,1E-6,N,-4558.62,112.4,58,24.8125
2026-10-05T11:35:15Z,103,1E-7,N,-4553.45,131.4,58,24.8125
2026-10-05T11:36:15Z,103,1E-7,I,-4589.66,103.8,58,24.8125
2026-10-05T11:37:15Z,103,1E-7,I,-4587.93,133.9,58,24.8125
2026-10-05T11:38:16Z,103,1E-7,N,-4544.83,125.9,58,24.8125
2026-10-05T11:39:16Z,103,1E-7,Z,-4582.76,136.5,58,24.8125
2026-10-05T11:40:16Z,104,1E-5,N,-4593.1,110.6,58,24.8125
2026-10-05T11:41:17Z,104,1E-5,I,-4615.52,115.2,58,24.75
2026-10-05T11:42:17Z,104,1E-5,I,-4603.45,116.9,58,24.75
2026-10-05T11:43:17Z,104,1E-5,N,-4637.93,128.2,58,24.75
2026-10-05T11:44:17Z,104,1E-6,N,-4587.93,101.0,58,24.75
2026-10-05T11:45:18Z,104,1E-6,I,-4600.0,117.0,58,24.75
2026-10-05T11:46:18Z,104,1E-6,I,-4575.86,139.3,58,24.75
2026-10-05T11:47:18Z,104,1E-6,N,-4536.21,116.5,58,24.75
2026-10-05T11:48:18Z,104,1E-7,N,-4505.17,119.1,58,24.75
2026-10-05T11:49:19Z,104,1E-7,I,-4518.97,130.4,58,24.75
2026-10-05T11:50:19Z,104,1E-7,I,-4562.07,125.4,58,24.75
2026-10-05T11:51:19Z,104,1E-7,N,-4567.24,120.5,58,24.75
2026-10-05T11:52:19Z,104,1E-7,Z,-4568.97,125.9,58,24.75
2026-10-05T11:53:20Z,105,1E-5,N,-4575.86,138.0,58,24.75
2026-10-05T11:54:20Z,105,1E-5,I,-4582.76,114.2,58,24.6875
2026-10-05T11:55:20Z,105,1E-5,I,-4522.41,120.0,58,24.6875
2026-10-05T11:56:20Z,105,1E-5,N,-4529.31,112.4,58,24.6875
2026-10-05T11:57:21Z,105,1E-6,N,-4584.48,133.5,58,24.6875
2026-10-05T11:58:21Z,105,1E-6,I,-4555.17,131.4,58,24.6875
2026-10-05T11:59:21Z,105,1E-6,I,-4543.1,131.3,58,24.6875
2026-10-05T12:00:21Z,105,1E-6,N,-4574.14,110.1,58,24.6875
2026-10-05T12:01:22Z,105,1E-7,N,-4543.1,109.4,58,24.6875
2026-10-05T12:02:22Z,105,1E-7,I,-4543.1,117.1,58,24.6875
2026-10-05T12:03:22Z,105,1E-7,I,-4565.52,129.2,58,24.6875
2026-10-05T12:04:23Z,105,1E-7,N,-4591.38,112.8,58,24.6875
2026-10-05T12:05:23Z,105,1E-7,Z,-4558.62,106.0,58,24.625
2026-10-05T12:06:23Z,106,1E-5,N,-4537.93,113.7,58,24.625
2026-10-05T12:07:23Z,106,1E-5,I,-4489.66,94.9,58,24.625
2026-10-05T12:08:23Z,106,1E-5,I,-4553.45,130.1,58,24.625
2026-10-05T12:09:24Z,106,1E-5,N,-4500.0,109.2,58,24.625
2026-10-05T12:10:24Z,106,1E-6,N,-4558.62,122.9,58,24.625
2026-10-05T12:11:24Z,106,1E-6,I,-4472.41,105.6,58,24.625
2026-10-05T12:12:24Z,106,1E-6,I,-4536.21,141.0,58,24.625
2026-10-05T12:13:25Z,106,1E-6,N,-4531.03,115.8,58,24.625
2026-10-05T12:14:25Z,106,1E-7,N,-4522.41,110.9,58,24.625
2026-10-05T12:15:26Z,106,1E-7,I,-4510.34,123.8,58,24.625
2026-10-05T12:16:26Z,106,1E-7,I,-4512.07,114.1,58,24.5625
2026-10-05T12:17:26Z,106,1E-7,N,-4475.86,131.5,58,24.5625
2026-10-05T12:18:26Z,106,1E-7,Z,-4531.03,132.7,58,24.5625
2026-10-05T12:19:26Z,107,1E-5,N,-4496.55,122.8,58,24.5625
2026-10-05T12:20:27Z,107,1E-5,I,-4536.21,118.0,58,24.5625
2026-10-05T12:21:27Z,107,1E-5,I,-4477.59,109.3,58,24.5625
2026-10-05T12:22:27Z,107,1E-5,N,-4508.62,126.1,58,24.5625
2026-10-05T12:23:28Z,107,1E-6,N,-4512.07,131.2,58,24.5625
2026-10-05T12:24:28Z,107,1E-6,I,-4484.48,122.5,58,24.5625
2026-10-05T12:25:28Z,107,1E-6,I,-4513.79,120.6,58,24.5625
2026-10-05T12:26:28Z,107,1E-6,N,-4539.66,125.6,58,24.5625
2026-10-05T12:27:29Z,107,1E-7,N,-4498.28,130.4,58,24.5
2026-10-05T12:28:29Z,107,1E-7,I,-4472.41,115.2,58,24.5
2026-10-05T12:29:29Z,107,1E-7,I,-4536.21,110.3,58,24.5
2026-10-05T12:30:29Z,107,1E-7,N,-4513.79,133.0,58,24.5
2026-10-05T12:31:29Z,107,1E-7,Z,-4506.9,109.0,58,24.5
2026-10-05T12:32:30Z,108,1E-5,N,-4491.38,121.8,58,24.5
2026-10-05T12:33:30Z,108,1E-5,I,-4477.59,132.5,58,24.5
2026-10-05T12:34:30Z,108,1E-5,I,-4532.76,111.4,58,24.5
2026-10-05T12:35:31Z,108,1E-5,N,-4543.1,121.6,58,24.5
2026-10-05T12:36:31Z,108,1E-6,N,-4560.34,116.9,58,24.5
2026-10-05T12:37:31Z,108,1E-6,I,-4596.55,129.7,58,24.5
2026-10-05T12:38:31Z,108,1E-6,I,-4570.69,140.2,58,24.5
2026-10-05T12:39:32Z,108,1E-6,N,-4589.66,111.9,58,24.5625
2026-10-05T12:40:32Z,108,1E-7,N,-4594.83,133.0,58,24.5
2026-10-05T12:41:32Z,108,1E-7,I,-4584.48,112.1,58,24.5
2026-10-05T12:42:32Z,108,1E-7,I,-4524.14,136.8,58,24.5
2026-10-05T12:43:33Z,108,1E-7,N,-4587.93,102.7,58,24.5
2026-10-05T12:44:33Z,108,1E-7,Z,-4600.0,125.7,58,24.5
2026-10-05T12:45:33Z,109,1E-5,N,-4539.66,113.8,58,24.5
2026-10-05T12:46:34Z,109,1E-5,I,-4534.48,137.1,58,24.5625
2026-10-05T12:47:34Z,109,1E-5,I,-4539.66,122.7,58,24.5625
2026-10-05T12:48:34Z,109,1E-5,N,-4539.66,124.2,58,24.5625
2026-10-05T12:49:34Z,109,1E-6,N,-4574.14,116.3,58,24.5625
2026-10-05T12:50:35Z,109,1E-6,I,-4612.07,121.5,58,24.5625
2026-10-05T12:51:35Z,109,1E-6,I,-4589.66,129.4,58,24.5625
2026-10-05T12:52:35Z,109,1E-6,N,-4558.62,106.0,58,24.5625
2026-10-05T12:53:35Z,109,1E-7,N,-4593.1,137.5,58,24.5625
2026-10-05T12:54:36Z,109,1E-7,I,-4643.1,135.2,58,24.5625
2026-10-05T12:55:36Z,109,1E-7,I,-4612.07,129.9,58,24.5625
2026-10-05T12:56:36Z,109,1E-7,N,-4706.9,110.6,58,24.5625
2026-10-05T12:57:36Z,109,1E-7,Z,-4658.62,127.1,58,24.5625
