utc,cycle,range,pattern,r_ohm,sd_ohm,samples,tmp275_c
2026-10-04T02:51:44Z,0,1E-5,N,100034.075,0.267,40,25.9375
2026-10-04T02:52:44Z,0,1E-5,I,100034.0,0.0,40,26.0
2026-10-04T02:53:44Z,0,1E-5,I,100034.0,0.0,40,26.0
2026-10-04T02:54:45Z,0,1E-5,N,100034.0,0.0,40,26.0
2026-10-04T02:55:45Z,0,1E-6,N,999729.25,2.667,40,26.0
2026-10-04T02:56:46Z,0,1E-6,I,999704.25,5.006,40,26.0
2026-10-04T02:57:46Z,0,1E-6,I,999705.25,5.057,40,26.0
2026-10-04T02:58:46Z,0,1E-6,N,999728.25,3.848,40,26.0625
2026-10-04T02:59:46Z,0,1E-7,N,10008590.0,169.161,40,26.0625
2026-10-04T03:00:47Z,0,1E-7,I,10007495.0,181.094,40,26.0625
2026-10-04T03:01:47Z,0,1E-7,I,10007602.5,171.7,40,26.0625
2026-10-04T03:02:47Z,0,1E-7,N,10008582.5,163.123,40,26.0625
2026-10-04T03:03:47Z,1,1E-5,N,100034.0,0.0,40,26.0625
2026-10-04T03:04:48Z,1,1E-5,I,100034.0,0.0,40,26.125
2026-10-04T03:05:48Z,1,1E-5,I,100034.0,0.0,40,26.125
2026-10-04T03:06:48Z,1,1E-5,N,100034.0,0.0,40,26.125
2026-10-04T03:07:49Z,1,1E-6,N,999726.75,4.743,40,26.125
2026-10-04T03:08:49Z,1,1E-6,I,999702.25,4.229,40,26.125
2026-10-04T03:09:49Z,1,1E-6,I,999704.25,5.006,40,26.125
2026-10-04T03:10:49Z,1,1E-6,N,999726.5,4.83,40,26.125
2026-10-04T03:11:50Z,1,1E-7,N,10008772.5,185.344,40,26.125
2026-10-04T03:12:50Z,1,1E-7,I,10007612.5,230.036,40,26.125
2026-10-04T03:13:50Z,1,1E-7,I,10007630.0,193.748,40,26.125
2026-10-04T03:14:50Z,1,1E-7,N,10008670.0,187.014,40,26.125
2026-10-04T03:15:51Z,2,1E-5,N,100034.0,0.0,40,26.125
2026-10-04T03:16:51Z,2,1E-5,I,100034.0,0.0,40,26.125
2026-10-04T03:17:51Z,2,1E-5,I,100034.0,0.0,40,26.125
2026-10-04T03:18:52Z,2,1E-5,N,100034.0,0.0,40,26.125
2026-10-04T03:19:52Z,2,1E-6,N,999725.5,5.038,40,26.125
2026-10-04T03:20:52Z,2,1E-6,I,999702.25,4.797,40,26.125
2026-10-04T03:21:52Z,2,1E-6,I,999704.25,5.006,40,26.125
2026-10-04T03:22:53Z,2,1E-6,N,999724.5,5.038,40,26.125
2026-10-04T03:23:53Z,2,1E-7,N,10008767.5,192.67,40,26.125
2026-10-04T03:24:53Z,2,1E-7,I,10007547.5,185.344,40,26.125
2026-10-04T03:25:53Z,2,1E-7,I,10007695.0,179.672,40,26.125
2026-10-04T03:26:54Z,2,1E-7,N,10008692.5,155.889,40,26.125
2026-10-04T03:27:54Z,3,1E-5,N,100034.0,0.0,40,26.125
2026-10-04T03:28:55Z,3,1E-5,I,100034.0,0.0,40,26.125
2026-10-04T03:29:55Z,3,1E-5,I,100034.0,0.0,40,26.125
2026-10-04T03:30:55Z,3,1E-5,N,100034.0,0.0,40,26.125
2026-10-04T03:31:55Z,3,1E-6,N,999727.0,4.641,40,26.125
2026-10-04T03:32:56Z,3,1E-6,I,999702.25,4.229,40,26.125
2026-10-04T03:33:56Z,3,1E-6,I,999703.25,4.743,40,26.125
2026-10-04T03:34:56Z,3,1E-6,N,999724.75,5.057,40,26.125
2026-10-04T03:35:56Z,3,1E-7,N,10008745.0,146.672,40,26.125
2026-10-04T03:36:57Z,3,1E-7,I,10007622.5,179.011,40,26.125
2026-10-04T03:37:57Z,3,1E-7,I,10007677.5,196.752,40,26.125
2026-10-04T03:38:57Z,3,1E-7,N,10008705.0,199.936,40,26.125
2026-10-04T03:39:58Z,4,1E-5,N,100034.0,0.0,40,26.0625
2026-10-04T03:40:58Z,4,1E-5,I,100034.0,0.0,40,26.0625
2026-10-04T03:41:58Z,4,1E-5,I,100034.05,0.221,40,26.0625
2026-10-04T03:42:58Z,4,1E-5,N,100034.0,0.0,40,26.0625
2026-10-04T03:43:59Z,4,1E-6,N,999727.5,4.385,40,26.0625
2026-10-04T03:44:59Z,4,1E-6,I,999704.75,5.057,40,26.0625
2026-10-04T03:45:59Z,4,1E-6,I,999706.25,4.903,40,26.0625
2026-10-04T03:46:59Z,4,1E-6,N,999726.25,4.903,40,26.0625
2026-10-04T03:48:00Z,4,1E-7,N,10008610.0,294.218,40,26.0625
2026-10-04T03:49:00Z,4,1E-7,I,10007462.5,167.466,40,26.0625
2026-10-04T03:50:00Z,4,1E-7,I,10007557.5,158.337,40,26.0625
2026-10-04T03:51:01Z,4,1E-7,N,10008662.5,343.95,40,26.0625
2026-10-04T03:52:01Z,5,1E-5,N,100034.0,0.0,40,26.0625
2026-10-04T03:53:01Z,5,1E-5,I,100034.0,0.0,40,26.0625
2026-10-04T03:54:01Z,5,1E-5,I,100034.0,0.0,40,26.0625
2026-10-04T03:55:02Z,5,1E-5,N,100033.975,0.158,40,26.0625
2026-10-04T03:56:02Z,5,1E-6,N,999726.0,15.326,40,26.0625
2026-10-04T03:57:02Z,5,1E-6,I,999703.75,5.856,40,26.125
2026-10-04T03:58:03Z,5,1E-6,I,999704.0,6.325,40,26.125
2026-10-04T03:59:03Z,5,1E-6,N,999724.5,5.038,40,26.125
2026-10-04T04:00:03Z,5,1E-7,N,10008740.0,435.478,40,26.125
2026-10-04T04:01:04Z,5,1E-7,I,10007590.0,347.74,40,26.125
2026-10-04T04:02:04Z,5,1E-7,I,10007660.0,229.604,40,26.1875
2026-10-04T04:03:04Z,5,1E-7,N,10008507.5,1466.093,40,26.1875
2026-10-04T04:04:04Z,6,1E-5,N,100034.0,0.0,40,26.1875
2026-10-04T04:05:05Z,6,1E-5,I,100034.0,0.0,40,26.25
2026-10-04T04:06:05Z,6,1E-5,I,100034.0,0.0,40,26.25
2026-10-04T04:07:05Z,6,1E-5,N,100033.975,0.158,40,26.25
2026-10-04T04:08:06Z,6,1E-6,N,999709.75,1.581,40,26.25
2026-10-04T04:09:06Z,6,1E-6,I,999690.0,2.265,40,26.3125
2026-10-04T04:10:06Z,6,1E-6,I,999690.5,3.162,40,26.3125
2026-10-04T04:11:06Z,6,1E-6,N,999710.0,2.265,40,26.3125
2026-10-04T04:12:07Z,6,1E-7,N,10007772.5,190.798,40,26.3125
2026-10-04T04:13:07Z,6,1E-7,I,10006747.5,175.393,40,26.3125
2026-10-04T04:14:07Z,6,1E-7,I,10006827.5,183.956,40,26.3125
2026-10-04T04:15:07Z,6,1E-7,N,10007790.0,183.694,40,26.3125
2026-10-04T04:16:08Z,7,1E-5,N,100034.0,0.0,40,26.3125
2026-10-04T04:17:08Z,7,1E-5,I,100034.0,0.0,40,26.3125
2026-10-04T04:18:08Z,7,1E-5,I,100034.0,0.0,40,26.3125
2026-10-04T04:19:09Z,7,1E-5,N,100034.0,0.0,40,26.3125
2026-10-04T04:20:09Z,7,1E-6,N,999710.25,1.581,40,26.3125
2026-10-04T04:21:09Z,7,1E-6,I,999690.0,2.265,40,26.3125
2026-10-04T04:22:09Z,7,1E-6,I,999691.25,3.349,40,26.3125
2026-10-04T04:23:10Z,7,1E-6,N,999710.5,3.162,40,26.3125
2026-10-04T04:24:10Z,7,1E-7,N,10007752.5,172.445,40,26.25
2026-10-04T04:25:10Z,7,1E-7,I,10006690.0,178.023,40,26.25
2026-10-04T04:26:10Z,7,1E-7,I,10006782.5,189.314,40,26.25
2026-10-04T04:27:11Z,7,1E-7,N,10007817.5,201.135,40,26.25
2026-10-04T04:28:11Z,8,1E-5,N,100034.0,0.0,40,26.25
2026-10-04T04:29:12Z,8,1E-5,I,100034.0,0.0,40,26.25
2026-10-04T04:30:12Z,8,1E-5,I,100034.0,0.0,40,26.25
2026-10-04T04:31:12Z,8,1E-5,N,100034.0,0.0,40,26.1875
2026-10-04T04:32:12Z,8,1E-6,N,999711.75,3.848,40,26.1875
2026-10-04T04:33:13Z,8,1E-6,I,999690.0,4.529,40,26.1875
2026-10-04T04:34:13Z,8,1E-6,I,999692.25,4.797,40,26.1875
2026-10-04T04:35:13Z,8,1E-6,N,999711.75,3.848,40,26.1875
2026-10-04T04:36:13Z,8,1E-7,N,10007765.0,168.781,40,26.1875
2026-10-04T04:37:14Z,8,1E-7,I,10006717.5,207.411,40,26.1875
2026-10-04T04:38:14Z,8,1E-7,I,10006712.5,215.058,40,26.125
2026-10-04T04:39:14Z,8,1E-7,N,10007682.5,189.314,40,26.125
2026-10-04T04:40:15Z,9,1E-5,N,100034.0,0.0,40,26.125
2026-10-04T04:41:15Z,9,1E-5,I,100034.0,0.0,40,26.125
2026-10-04T04:42:15Z,9,1E-5,I,100034.0,0.0,40,26.125
2026-10-04T04:43:15Z,9,1E-5,N,100034.0,0.0,40,26.125
2026-10-04T04:44:16Z,9,1E-6,N,999714.0,5.454,40,26.125
2026-10-04T04:45:16Z,9,1E-6,I,999693.5,4.83,40,26.125
2026-10-04T04:46:16Z,9,1E-6,I,999696.25,4.903,40,26.0625
2026-10-04T04:47:16Z,9,1E-6,N,999713.0,5.164,40,26.0625
2026-10-04T04:48:17Z,9,1E-7,N,10007567.5,232.476,40,26.0625
2026-10-04T04:49:17Z,9,1E-7,I,10006622.5,284.188,40,26.0625
2026-10-04T04:50:17Z,9,1E-7,I,10006697.5,180.438,40,26.0625
2026-10-04T04:51:18Z,9,1E-7,N,10007682.5,280.007,40,26.0625
2026-10-04T04:52:18Z,10,1E-5,N,100034.0,0.0,40,26.0
2026-10-04T04:53:18Z,10,1E-5,I,100034.0,0.0,40,26.0
2026-10-04T04:54:18Z,10,1E-5,I,100034.0,0.0,40,26.0
2026-10-04T04:55:19Z,10,1E-5,N,100034.0,0.0,40,26.0
2026-10-04T04:56:19Z,10,1E-6,N,999717.25,5.541,40,26.0
2026-10-04T04:57:20Z,10,1E-6,I,999698.25,3.848,40,26.0
2026-10-04T04:58:20Z,10,1E-6,I,999699.25,5.723,40,25.9375
2026-10-04T04:59:20Z,10,1E-6,N,999717.0,5.639,40,25.9375
2026-10-04T05:00:20Z,10,1E-7,N,10007730.0,247.241,40,25.9375
2026-10-04T05:01:21Z,10,1E-7,I,10006602.5,191.469,40,25.9375
2026-10-04T05:02:21Z,10,1E-7,I,10006680.0,225.548,40,25.9375
2026-10-04T05:03:21Z,10,1E-7,N,10007552.5,260.165,40,25.9375
2026-10-04T05:04:21Z,11,1E-5,N,100034.0,0.0,40,25.875
2026-10-04T05:05:22Z,11,1E-5,I,100034.0,0.0,40,25.875
2026-10-04T05:06:22Z,11,1E-5,I,100034.0,0.0,40,25.875
2026-10-04T05:07:22Z,11,1E-5,N,100034.0,0.0,40,25.875
2026-10-04T05:08:23Z,11,1E-6,N,999719.25,4.168,40,25.875
2026-10-04T05:09:23Z,11,1E-6,I,999698.75,3.349,40,25.8125
2026-10-04T05:10:23Z,11,1E-6,I,999700.0,3.203,40,25.8125
2026-10-04T05:11:23Z,11,1E-6,N,999719.0,4.414,40,25.8125
2026-10-04T05:12:24Z,11,1E-7,N,10007445.0,305.463,40,25.8125
2026-10-04T05:13:24Z,11,1E-7,I,10006590.0,279.927,40,25.8125
2026-10-04T05:14:24Z,11,1E-7,I,10006582.5,285.448,40,25.8125
2026-10-04T05:15:24Z,11,1E-7,N,10007545.0,242.794,40,25.8125
2026-10-04T05:16:25Z,12,1E-5,N,100034.0,0.0,40,25.75
2026-10-04T05:17:25Z,12,1E-5,I,100034.0,0.0,40,25.75
2026-10-04T05:18:25Z,12,1E-5,I,100034.0,0.0,40,25.75
2026-10-04T05:19:26Z,12,1E-5,N,100034.0,0.0,40,25.75
2026-10-04T05:20:26Z,12,1E-6,N,999720.25,3.572,40,25.75
2026-10-04T05:21:26Z,12,1E-6,I,999699.0,4.414,40,25.75
2026-10-04T05:22:26Z,12,1E-6,I,999701.75,3.848,40,25.6875
2026-10-04T05:23:27Z,12,1E-6,N,999720.0,3.922,40,25.6875
2026-10-04T05:24:27Z,12,1E-7,N,10007450.0,281.935,40,25.6875
2026-10-04T05:25:27Z,12,1E-7,I,10006507.5,269.27,40,25.6875
2026-10-04T05:26:27Z,12,1E-7,I,10006610.0,262.922,40,25.6875
2026-10-04T05:27:28Z,12,1E-7,N,10007510.0,292.47,40,25.6875
2026-10-04T05:28:28Z,13,1E-5,N,100034.0,0.0,40,25.6875
2026-10-04T05:29:29Z,13,1E-5,I,100034.0,0.0,40,25.625
2026-10-04T05:30:29Z,13,1E-5,I,100034.0,0.0,40,25.625
2026-10-04T05:31:29Z,13,1E-5,N,100034.0,0.0,40,25.625
2026-10-04T05:32:29Z,13,1E-6,N,999724.5,5.038,40,25.625
2026-10-04T05:33:30Z,13,1E-6,I,999702.5,4.385,40,25.625
2026-10-04T05:34:30Z,13,1E-6,I,999703.5,4.83,40,25.625
2026-10-04T05:35:30Z,13,1E-6,N,999722.75,5.541,40,25.625
2026-10-04T05:36:31Z,13,1E-7,N,10007505.0,285.505,40,25.625
2026-10-04T05:37:31Z,13,1E-7,I,10006437.5,340.955,40,25.5625
2026-10-04T05:38:31Z,13,1E-7,I,10006582.5,258.087,40,25.5625
2026-10-04T05:39:31Z,13,1E-7,N,10007487.5,234.452,40,25.5625
2026-10-04T05:40:32Z,14,1E-5,N,100034.0,0.0,40,25.5625
2026-10-04T05:41:32Z,14,1E-5,I,100034.0,0.0,40,25.5625
2026-10-04T05:42:32Z,14,1E-5,I,100034.0,0.0,40,25.5625
2026-10-04T05:43:32Z,14,1E-5,N,100034.0,0.0,40,25.5625
2026-10-04T05:44:33Z,14,1E-6,N,999725.75,5.006,40,25.5625
2026-10-04T05:45:33Z,14,1E-6,I,999703.75,5.856,40,25.5
2026-10-04T05:46:33Z,14,1E-6,I,999707.0,5.164,40,25.5
2026-10-04T05:47:33Z,14,1E-6,N,999722.75,5.057,40,25.5
2026-10-04T05:48:34Z,14,1E-7,N,10007457.5,258.087,40,25.5
2026-10-04T05:49:34Z,14,1E-7,I,10006430.0,271.935,40,25.5
2026-10-04T05:50:34Z,14,1E-7,I,10006462.5,251.852,40,25.5
2026-10-04T05:51:35Z,14,1E-7,N,10007390.0,236.209,40,25.5
